followers,following,posts,avg_likes,avg_comments,has_bio,has_profile_pic,is_private,account_age_days,bio_text,label
7140,4390,634,355,19,0,1,1,137,,0
61916,310,1685,2207,365,1,1,1,2883,contact: email@example.com,0
52365,1987,70,769,147,0,0,0,856,student,0
35110,2291,892,1570,65,1,1,0,2845,,0
34641,3989,1601,175,1,1,1,0,2258,enterpreneur,0
68687,645,1905,3191,350,1,0,0,811,contact: email@example.com,0
6875,2170,502,243,47,0,0,0,1878,photography lover,0
55789,761,1301,370,60,1,0,0,147,contact: email@example.com,1
16117,3938,379,76,13,0,1,1,2807,enterpreneur,1
7534,3161,231,339,34,1,1,0,1215,enterpreneur,0
42118,2483,706,740,43,1,0,1,1534,photography lover,0
78049,1964,1770,4164,553,0,1,1,629,,0
58860,765,1378,2691,137,1,0,1,1460,student,0
60891,4609,978,2550,462,1,1,0,1583,contact: email@example.com,0
57398,3238,565,959,47,0,0,1,900,student,0
62885,1595,283,2674,194,0,1,1,3917,enterpreneur,0
41058,2069,541,2335,295,0,0,1,1119,enterpreneur,1
10249,3630,305,56,6,0,1,1,725,photography lover,1
67179,3597,374,1314,197,1,0,1,2193,,0
36030,2305,1375,507,55,1,1,0,1276,contact: email@example.com,0
40028,1514,265,944,216,1,0,1,1816,enterpreneur,0
29663,3299,94,1321,277,0,1,0,2900,student,0
14603,3291,1084,415,91,1,1,1,313,student,0
74141,2998,573,2538,399,1,1,1,2037,contact: email@example.com,0
62525,364,909,1178,187,1,0,0,87,enterpreneur,1
51509,2363,279,436,66,0,1,1,176,enterpreneur,0
32193,3069,419,515,55,0,0,0,370,enterpreneur,0
65820,4750,882,3395,273,1,0,0,647,photography lover,0
43634,2627,1380,1577,233,1,0,0,1398,enterpreneur,0
35473,1713,828,804,5,0,0,1,3741,contact: email@example.com,0
36036,2778,1083,1707,3,1,1,0,3624,photography lover,0
18179,886,1043,70,14,1,0,1,413,student,1
7370,453,537,112,1,1,1,0,3964,enterpreneur,0
44366,3390,559,612,80,0,1,1,2540,student,0
71031,4930,851,4199,645,1,0,0,2215,contact: email@example.com,0
5105,4230,64,216,10,0,1,0,3169,student,0
68663,2918,1370,2545,569,1,0,1,1938,photography lover,0
66210,201,1228,19,0,0,0,1,1062,,1
22140,4939,612,244,53,0,1,1,2119,contact: email@example.com,0
50533,2248,747,1926,367,1,1,1,2900,enterpreneur,0
13218,1448,657,301,18,1,1,1,2731,student,0
60647,4462,1302,3363,126,1,0,0,680,student,0
56041,3732,1519,2571,203,1,1,0,3752,student,0
28362,3748,217,761,75,1,0,1,1139,contact: email@example.com,0
5433,1388,826,244,14,1,0,1,3280,enterpreneur,0
77655,4959,27,4544,1134,0,1,1,1247,contact: email@example.com,0
35654,2264,904,986,56,1,0,0,254,contact: email@example.com,0
71449,2657,496,2754,571,0,0,0,3985,enterpreneur,0
54233,3754,671,2989,118,1,0,1,2355,student,0
62270,3299,913,929,227,0,0,1,859,photography lover,0
60791,861,647,3233,182,0,1,0,2,enterpreneur,0
15571,1512,788,91,9,1,0,1,517,enterpreneur,1
29112,1805,1529,1132,158,0,1,0,680,student,0
37337,4737,1620,1753,52,1,0,1,3702,,0
39823,3572,11,1468,299,0,1,0,708,contact: email@example.com,0
3504,1831,755,104,7,0,1,1,648,contact: email@example.com,0
43725,3673,1693,1619,222,1,0,1,3351,photography lover,0
12343,3692,1060,112,15,1,1,0,3517,student,0
59470,1971,410,769,115,1,1,1,836,,0
54643,2015,1187,884,12,1,1,0,2602,contact: email@example.com,0
73802,4471,289,2647,111,1,0,0,2138,photography lover,0
59580,2809,43,1579,63,0,1,0,2307,photography lover,0
29331,747,1264,430,32,1,1,1,1245,student,0
77400,3598,1030,4099,148,0,0,1,3005,photography lover,1
32868,2947,1513,737,169,0,0,0,3524,enterpreneur,0
26066,2544,689,697,89,0,1,0,2904,contact: email@example.com,0
72442,3625,1708,1780,277,0,1,0,3612,contact: email@example.com,0
29636,4535,842,323,28,0,0,1,442,student,0
6107,1652,1476,268,18,1,0,0,2628,,0
37564,2096,200,1010,127,0,0,0,3997,contact: email@example.com,1
63654,947,194,62,4,1,1,0,2143,photography lover,0
15157,3235,1565,876,75,1,1,0,3767,contact: email@example.com,0
37035,2013,1667,1812,205,0,1,1,1394,photography lover,0
10393,1711,1884,451,57,0,0,1,3586,student,0
54918,3482,649,2863,704,1,0,0,3755,student,0
38056,2040,44,2070,115,1,0,1,2489,student,0
26415,2321,1959,534,65,0,1,1,2818,,0
18152,2200,1202,665,24,1,0,0,2091,student,0
45159,1292,494,1649,144,0,0,0,1268,student,0
53585,629,1527,859,154,1,1,0,2145,contact: email@example.com,0
75224,4136,1807,1001,43,0,1,1,3849,student,0
34972,458,569,239,34,1,0,0,60,contact: email@example.com,1
12855,1624,1539,508,52,0,0,0,821,photography lover,0
66614,3337,1575,3121,40,0,0,0,1998,photography lover,0
50381,656,1003,2300,536,0,1,1,1358,,0
56021,3277,1264,1063,109,0,1,0,2495,enterpreneur,0
7778,3665,539,95,18,0,1,1,1442,,0
24989,3314,1858,680,70,0,0,1,2635,photography lover,0
61427,1525,1966,2015,472,0,0,0,426,contact: email@example.com,0
66580,98,1962,3671,266,1,1,0,1329,enterpreneur,0
34817,4436,1474,1827,188,1,1,0,2771,student,0
64381,1632,84,3538,671,1,0,0,1885,contact: email@example.com,1
67335,4025,732,3435,295,0,1,0,2854,enterpreneur,0
30998,989,889,1794,163,0,1,0,2545,contact: email@example.com,0
71847,812,1919,2006,498,0,0,0,1314,enterpreneur,1
23066,3890,1093,65,9,0,1,0,1713,student,1
19164,4698,1072,96,16,0,0,0,3858,,1
54599,4303,293,1278,205,1,1,1,3848,photography lover,0
50940,3756,1587,787,162,0,0,1,143,enterpreneur,1
11180,1233,672,113,24,0,1,0,2822,photography lover,0
66618,4566,183,3810,536,1,1,0,1964,enterpreneur,0
15992,3339,1975,187,13,1,0,0,6,,0
64391,860,380,3706,21,0,0,0,2536,,0
588,646,32,26,3,0,1,1,94,photography lover,0
63747,4355,155,2451,505,1,1,0,1275,photography lover,0
62953,1375,905,2553,287,0,1,1,2761,contact: email@example.com,0
62429,3829,205,1241,51,1,1,1,3250,photography lover,0
53188,693,1685,2062,148,0,1,1,1651,student,0
37725,1402,1024,422,53,0,1,0,3235,student,0
56413,1417,647,3173,663,0,1,1,3358,photography lover,0
22169,1405,6,401,17,0,0,0,1790,contact: email@example.com,1
62458,3373,959,956,146,0,1,1,692,enterpreneur,0
44451,4571,302,1896,357,0,0,1,2637,,0
36713,4551,1956,1446,338,1,1,1,56,photography lover,0
40448,3707,582,1095,31,1,0,0,3572,,0
45499,1012,949,1726,399,0,0,1,1552,photography lover,0
2980,4802,37,28,4,1,1,0,3040,enterpreneur,0
11183,2710,261,451,86,1,1,0,2944,contact: email@example.com,0
19638,2729,414,318,4,0,1,0,1891,student,0
9162,3506,103,149,18,0,1,1,3886,,0
35169,3845,1451,342,53,0,0,1,3185,,0
53472,4764,1890,1066,81,0,1,1,3534,student,0
52354,2911,1970,1040,112,1,0,1,376,photography lover,0
37687,3050,531,1026,142,0,0,1,1936,student,0
68406,3727,1577,781,107,0,0,0,3807,,1
45218,1275,1008,523,5,0,1,0,3251,photography lover,0
6335,1538,91,205,22,0,1,0,1816,student,0
61199,3127,181,473,25,0,1,1,282,photography lover,1
45968,320,1095,1900,435,0,0,0,1129,photography lover,0
50777,1602,847,2875,701,0,1,0,2289,photography lover,0
45229,3589,16,1158,86,0,0,0,2567,,0
44286,4880,1860,2394,104,1,0,1,3697,photography lover,0
7245,2597,1460,42,2,1,0,0,372,photography lover,1
44736,1998,1004,115,13,1,0,0,1586,contact: email@example.com,1
63593,2201,1973,2752,601,1,0,0,1089,contact: email@example.com,0
24316,3427,1942,1110,138,1,0,1,3840,student,0
48227,2722,1947,2439,33,0,1,1,665,photography lover,0
2465,116,517,8,0,0,0,1,883,student,1
27799,2696,1761,1295,73,0,0,0,1191,enterpreneur,0
34937,2000,1009,789,166,1,1,0,423,photography lover,0
78619,3504,1452,1430,222,0,0,1,2574,enterpreneur,0
17166,4375,1719,178,25,1,0,0,2099,contact: email@example.com,0
22123,4812,326,1322,105,1,0,0,2231,student,0
32682,3051,896,124,28,0,1,0,3629,,1
79413,1812,257,3940,326,1,1,1,1732,,0
68272,2219,558,2619,546,0,0,1,1245,contact: email@example.com,1
2775,882,827,122,27,0,0,0,1502,student,0
18715,4679,1710,799,96,1,0,1,3200,photography lover,0
65733,4236,1725,3385,756,0,1,0,2114,enterpreneur,0
4664,4269,779,51,3,1,1,1,677,contact: email@example.com,0
68453,1640,658,3,0,0,0,1,2759,student,1
22510,1611,1061,808,17,0,0,0,2982,photography lover,1
73412,4283,1823,1558,184,1,1,0,1000,contact: email@example.com,0
23487,2722,1953,174,9,0,0,1,2228,,1
34745,3523,453,388,6,0,1,0,2255,contact: email@example.com,1
52953,2449,372,1054,0,1,0,1,700,student,0
10102,2213,1413,42,3,0,1,1,37,,1
44562,3161,602,152,22,0,1,0,2872,photography lover,1
40401,4064,399,2220,252,0,1,1,2462,enterpreneur,0
62711,1670,62,1174,88,1,1,0,2855,enterpreneur,0
79688,4045,806,4696,1163,1,1,1,1509,,0
53145,1221,783,3075,722,1,0,0,2062,enterpreneur,0
32734,2014,1126,280,8,0,1,1,3926,contact: email@example.com,1
32510,4563,400,1394,144,1,1,0,902,enterpreneur,0
33436,4772,1428,1205,195,0,0,1,2611,enterpreneur,1
65121,4619,1360,2698,494,1,0,0,530,,0
25697,1580,924,148,13,1,1,1,263,enterpreneur,1
13357,4216,362,151,28,0,1,0,3829,enterpreneur,0
26743,4680,1013,122,3,1,1,1,520,,0
1816,4891,1349,65,5,1,0,0,2623,photography lover,0
8491,104,745,502,89,1,1,0,2057,contact: email@example.com,0
7203,3724,526,290,45,1,1,0,3237,contact: email@example.com,0
61724,4983,1013,2632,550,0,1,1,2186,,0
57788,3823,710,3413,39,1,1,0,2788,enterpreneur,0
55741,1165,801,2267,98,0,0,1,3576,student,1
36950,3812,697,89,1,0,0,1,3318,student,1
57364,526,606,2984,143,0,1,0,2887,student,0
12901,2403,1433,282,0,0,0,1,650,contact: email@example.com,0
72049,3131,920,18,2,1,0,1,678,student,1
40083,2282,933,1219,161,0,0,0,1988,student,1
75044,3499,1306,4219,693,0,0,1,2635,enterpreneur,0
12184,1201,722,188,18,0,0,1,2668,student,1
39786,3031,202,1173,0,1,1,0,3146,contact: email@example.com,0
55705,3224,1705,580,97,1,0,1,414,photography lover,1
39650,3168,111,137,1,1,0,0,694,contact: email@example.com,1
35692,1446,1143,172,37,1,0,0,600,enterpreneur,1
13297,1526,531,580,3,0,1,1,2164,contact: email@example.com,0
30481,1289,427,1580,209,1,1,0,2536,photography lover,0
19101,2308,83,164,36,1,0,0,463,student,0
24120,2929,1800,417,59,1,0,0,3474,,0
54696,1812,858,640,97,0,0,1,1214,contact: email@example.com,0
50422,2049,685,81,13,0,1,1,2642,contact: email@example.com,1
48575,1432,1482,1612,49,1,0,1,3006,photography lover,0
28945,1094,77,1215,205,0,0,0,145,,0
76775,3287,1129,2984,656,0,1,0,3459,enterpreneur,0
7011,4080,989,163,39,0,1,0,3881,enterpreneur,0
27407,1453,1106,912,101,0,0,0,3834,student,0
9440,4302,247,53,4,0,0,1,558,,1
27115,2854,1905,251,47,1,0,0,1571,contact: email@example.com,0
76951,838,476,4302,583,0,1,1,931,student,0
29301,1829,1356,1338,86,1,1,0,1803,enterpreneur,0
72686,37,1494,4024,173,0,0,0,3899,contact: email@example.com,0
39605,195,687,2178,92,1,1,1,3052,student,0
55976,1680,261,2181,250,0,0,1,3084,,0
36593,2272,593,2038,86,1,0,0,1688,contact: email@example.com,0
21269,3987,1613,531,2,1,1,0,3746,enterpreneur,0
61138,671,1812,13,0,1,0,0,3680,contact: email@example.com,1
77534,4195,1873,291,67,0,1,1,3226,enterpreneur,1
21081,1172,452,138,2,1,0,1,3258,contact: email@example.com,1
62300,691,1213,356,6,0,1,1,2607,contact: email@example.com,1
20891,3499,302,440,49,0,0,1,382,photography lover,0
57351,3871,1420,2413,147,0,0,1,1138,,1
63120,3024,831,2994,720,1,1,0,3075,,0
35948,578,1427,1273,289,1,0,0,1308,enterpreneur,0
58953,576,1370,517,52,1,1,1,690,photography lover,0
21779,1950,1985,977,109,1,1,0,3789,student,0
6340,2253,977,134,12,0,0,0,1953,enterpreneur,0
7711,4993,683,6,0,0,1,1,3442,student,1
35761,1432,1053,602,44,0,0,1,1137,,1
72208,962,325,1432,43,0,1,0,1438,photography lover,0
10206,4729,223,167,4,1,1,1,1373,,0
36462,769,1038,1776,249,1,0,1,1493,photography lover,0
56322,132,1650,2568,63,1,1,0,1750,enterpreneur,0
16189,2114,1066,675,17,1,0,0,1191,student,1
57729,2005,1563,481,57,1,1,1,3257,enterpreneur,1
24476,3098,355,1186,131,1,1,0,1305,,0
64692,4388,898,2628,90,0,0,1,1766,enterpreneur,0
46337,4664,1226,541,0,1,1,0,3442,student,0
43752,1448,695,1701,82,1,1,0,1749,photography lover,0
14141,4904,28,410,24,1,0,0,43,enterpreneur,0
37056,3163,146,976,195,1,1,0,2,,0
68529,348,1855,461,105,1,1,1,1744,student,0
1561,4692,1210,48,4,1,0,0,2594,student,0
60681,689,529,363,36,0,1,0,3771,,1
39420,2942,517,388,69,0,1,0,524,contact: email@example.com,0
57557,3953,79,457,71,1,0,1,2171,photography lover,1
53063,1247,1889,3037,139,1,0,1,1156,,0
34567,1353,216,590,15,0,0,1,1802,student,0
24693,2380,1518,526,57,0,0,1,1771,contact: email@example.com,0
50184,4424,480,969,136,1,1,1,1250,enterpreneur,0
11217,1118,671,604,20,1,0,1,73,enterpreneur,0
46727,3317,547,1578,115,0,0,1,296,contact: email@example.com,0
7575,2262,1649,417,31,1,1,0,2090,,0
51987,559,65,935,61,0,1,1,898,student,0
50299,3554,704,346,39,0,1,1,1308,photography lover,1
6755,4162,558,225,36,1,1,1,362,enterpreneur,0
60599,2878,545,1256,159,1,1,1,199,contact: email@example.com,0
33264,881,385,1600,80,1,0,0,507,,0
62950,778,1824,3321,85,0,1,0,1509,,0
3329,2117,757,94,19,0,1,1,654,contact: email@example.com,0
14356,2532,836,836,100,1,0,0,926,student,0
39519,2760,770,1311,20,1,0,1,1208,photography lover,0
15058,1218,1960,244,15,1,0,1,1165,,0
26388,2503,678,774,155,0,0,0,45,photography lover,1
52847,1475,683,118,22,1,1,0,470,,1
11561,3430,655,557,121,0,1,1,3800,photography lover,0
54216,3982,653,329,49,1,0,0,2672,,1
8272,3263,179,153,16,1,1,0,496,,0
14014,6,1208,475,50,0,1,0,1135,contact: email@example.com,0
47011,4960,50,121,5,0,0,1,1533,enterpreneur,1
63478,118,451,302,49,1,1,0,3622,contact: email@example.com,0
13647,4997,404,569,83,0,1,0,3518,photography lover,0
23999,158,582,103,3,0,1,0,3081,photography lover,1
74009,2582,1513,2118,468,1,1,1,427,photography lover,0
79174,529,1198,1608,148,1,0,0,1962,student,0
46484,475,1981,636,7,0,1,0,1934,,0
35763,3416,702,405,33,1,0,0,2550,photography lover,0
27749,3639,1857,1271,276,0,1,1,3379,contact: email@example.com,0
48996,591,89,2797,641,0,1,0,1284,photography lover,0
47273,4883,1008,397,48,0,0,0,2228,enterpreneur,1
23580,1602,1597,1357,324,0,0,0,1055,photography lover,0
1824,1591,1063,65,14,1,0,1,842,contact: email@example.com,0
12119,1484,1866,466,96,1,0,0,1253,enterpreneur,0
76684,2306,629,3266,701,0,1,0,2942,contact: email@example.com,0
33452,889,66,1413,134,0,0,1,1751,student,0
38584,2123,1547,1897,358,0,0,1,2725,contact: email@example.com,0
37368,1049,136,1083,156,0,0,1,2764,photography lover,0
62618,257,1529,2003,360,1,1,0,1449,student,0
5196,1843,1466,100,4,1,0,1,3820,,0
6618,3361,1688,41,7,0,0,0,186,,1
22067,3815,957,879,210,1,0,1,3587,enterpreneur,0
38932,1766,1791,78,5,0,0,0,32,photography lover,1
53689,1618,339,887,218,0,0,0,1530,,0
39256,3937,868,221,20,1,0,1,3301,photography lover,1
35293,3405,243,403,20,0,0,1,2737,photography lover,0
75026,4160,1533,2875,80,1,0,0,1286,enterpreneur,0
12881,4530,1428,485,95,0,1,0,3542,,0
45738,4106,1612,1155,160,0,0,1,551,,0
43379,4682,1528,234,17,1,1,1,2683,enterpreneur,1
37879,2083,616,984,149,1,1,0,2074,,0
64607,1973,136,1367,113,1,1,1,829,student,0
21358,1607,1858,923,103,1,1,1,3683,enterpreneur,0
76301,1176,985,2650,571,0,1,0,3062,student,0
26525,3744,188,782,130,0,0,0,34,,1
43600,3572,1854,1273,242,0,1,0,348,enterpreneur,0
41653,4006,1988,2414,352,1,0,0,225,,0
67982,836,890,3084,764,0,0,0,1662,photography lover,0
35112,2456,1540,1046,63,1,1,0,1668,,0
22764,1109,72,654,42,0,1,0,2896,student,0
1728,4465,186,2,0,1,0,0,2704,enterpreneur,1
29094,1337,553,1645,227,0,1,0,61,enterpreneur,0
66103,719,1312,1265,193,1,1,0,1904,,0
793,2849,266,12,2,0,0,0,3139,photography lover,0
71692,4395,68,4298,360,1,1,0,3590,,0
43426,4578,1337,1872,5,0,1,1,1169,photography lover,0
11219,480,1540,31,4,1,1,1,177,photography lover,1
24174,1629,1478,89,22,1,1,0,612,enterpreneur,1
44322,767,1598,67,4,1,1,1,1361,enterpreneur,0
25255,1539,1605,908,41,1,0,1,1773,contact: email@example.com,1
8686,2669,1204,37,2,1,1,0,1406,photography lover,0
53279,1402,1038,2983,317,0,0,0,363,,0
53779,337,1713,3023,189,1,1,1,1361,,0
9509,2550,696,311,26,0,0,1,1160,contact: email@example.com,1
22498,264,195,832,132,1,1,0,1951,contact: email@example.com,0
19509,1133,1503,341,29,1,1,0,317,photography lover,0
52753,2,551,202,20,1,0,0,3162,contact: email@example.com,0
58423,434,1957,2585,25,0,1,0,1668,student,0
58159,2181,828,355,81,0,0,0,1272,,1
75100,4253,1703,385,39,0,0,0,3626,photography lover,1
61491,3873,84,1148,94,0,0,0,2978,photography lover,0
25654,494,1318,19,0,1,1,0,548,enterpreneur,1
8619,174,896,224,35,1,0,0,586,,0
49171,1690,925,2087,450,0,1,1,9,,1
73280,3261,530,3523,36,0,1,1,2243,enterpreneur,0
78012,3733,1942,2828,102,0,0,0,1419,photography lover,0
18417,4115,785,935,34,1,0,1,1500,photography lover,0
18916,1711,1700,461,69,0,0,1,2038,contact: email@example.com,0
2993,840,850,152,35,1,0,1,2157,contact: email@example.com,0
11300,131,96,343,37,0,1,0,4,student,1
44388,734,1758,594,51,1,0,0,431,contact: email@example.com,0
43744,325,370,2478,474,0,0,0,3156,contact: email@example.com,0
29673,4304,540,489,90,0,1,0,3813,student,0
24796,1342,1722,38,2,0,1,1,3348,contact: email@example.com,1
66383,4115,1787,966,38,1,1,1,3624,,0
36802,2765,1833,809,72,1,1,0,1854,,0
64660,2694,851,1363,264,0,1,0,3305,contact: email@example.com,0
77056,2273,1513,2425,421,0,1,1,3529,,0
25371,4095,655,1344,223,1,0,0,3571,enterpreneur,0
16219,217,1480,284,58,0,0,1,598,student,0
76231,463,1005,2381,164,0,0,0,587,enterpreneur,0
50786,2116,103,1036,87,0,1,0,1610,enterpreneur,0
23273,1972,835,1147,12,1,1,0,2015,,0
49748,2727,935,470,102,0,1,0,3832,photography lover,0
41204,3688,514,255,37,1,1,1,1272,enterpreneur,1
72442,2937,748,2186,162,0,0,0,3326,contact: email@example.com,0
20477,1287,1005,825,14,1,1,0,3549,contact: email@example.com,0
79310,1636,99,3785,684,0,0,0,3860,contact: email@example.com,1
74883,3761,303,2649,495,1,1,0,758,contact: email@example.com,0
14456,1007,1533,671,111,1,0,0,968,contact: email@example.com,0
13168,2520,703,310,15,0,0,1,880,student,0
42652,2693,1216,84,19,0,1,1,2941,photography lover,1
3592,3751,1131,25,4,0,1,1,2747,student,1
23903,3571,1102,55,9,0,1,0,1628,enterpreneur,0
34807,2323,826,686,111,0,1,0,356,student,0
77549,1545,966,2305,521,1,0,0,2083,contact: email@example.com,0
79390,1839,1647,1697,393,1,1,0,2929,enterpreneur,0
12123,2057,1930,407,60,1,1,1,1897,photography lover,0
71334,1095,513,2057,214,1,1,1,1073,contact: email@example.com,0
7274,3127,1338,295,26,1,0,0,2369,contact: email@example.com,0
59888,1041,1939,2396,490,0,0,0,2644,student,0
67651,3243,15,1291,208,0,1,0,2365,,0
71263,3757,1569,1480,28,0,0,0,3492,photography lover,0
17873,4809,993,627,22,1,1,1,1256,contact: email@example.com,0
71475,594,1935,2557,575,0,1,0,2438,,0
9278,3798,1156,175,38,0,1,1,3420,student,0
41508,429,1676,822,195,1,1,0,851,enterpreneur,0
37563,1686,332,1564,167,0,0,1,1127,photography lover,0
25274,881,284,981,192,0,0,1,197,contact: email@example.com,1
1769,811,1853,14,2,0,1,0,1500,student,1
61760,876,1052,1634,128,0,0,1,179,,1
26846,219,1116,1437,52,0,0,0,2985,photography lover,0
52932,4115,339,115,28,0,1,1,356,photography lover,1
32817,305,453,1683,12,1,1,0,2769,photography lover,0
29892,1992,1636,292,43,0,0,1,2319,contact: email@example.com,0
70903,3495,606,2157,350,1,1,1,3951,photography lover,0
7557,4951,1168,192,32,0,0,1,1393,student,0
58929,4268,633,35,2,0,0,0,1379,student,1
59743,686,526,3281,591,0,1,1,973,photography lover,0
30399,4938,332,829,44,1,0,0,2149,student,0
20996,3267,1859,1202,249,1,1,1,878,photography lover,0
424,897,1880,7,0,0,0,1,454,,0
74945,2243,230,3895,678,1,1,0,3794,student,0
75818,4589,706,4196,821,0,1,0,2716,student,0
19277,1964,1127,644,30,0,1,0,476,,0
2552,918,766,31,1,1,0,1,2472,enterpreneur,0
9820,4375,1442,403,78,1,0,1,1219,enterpreneur,0
5411,4764,520,178,3,0,1,1,721,photography lover,0
66489,4877,117,3768,179,0,1,0,1886,student,0
71352,4778,673,1880,214,0,1,1,3150,photography lover,0
12262,4364,1195,197,45,1,1,0,2,enterpreneur,0
59739,2272,361,495,69,0,0,0,1421,,1
14341,961,1631,601,58,1,1,0,3683,enterpreneur,0
29376,3085,24,1716,419,1,1,0,1577,,0
47950,1103,135,81,9,0,1,1,397,,1
57594,2365,1017,2558,277,0,1,0,1714,photography lover,0
69964,3280,1024,3891,400,1,0,0,2730,,0
3582,4732,589,16,1,0,0,0,3985,student,1
15714,1445,517,103,8,1,0,0,2515,,1
22440,1259,139,931,160,1,1,1,203,photography lover,0
24825,3673,1325,965,9,1,0,0,3236,,0
79842,32,758,329,56,0,0,0,3120,contact: email@example.com,1
62192,2832,237,3113,156,0,0,0,2605,enterpreneur,0
25633,3729,799,805,77,0,0,1,3586,photography lover,0
77746,2754,1874,4231,155,0,1,1,3077,,0
39944,1919,522,2104,290,1,1,1,929,contact: email@example.com,0
40059,4142,1789,1952,355,0,0,0,1685,enterpreneur,0
34695,1855,517,1073,95,1,1,0,2030,contact: email@example.com,0
11511,3552,371,173,7,1,1,0,1955,,0
74749,2320,521,2269,128,1,1,0,2555,photography lover,0
1114,132,646,6,1,1,0,0,2806,,1
13942,2652,241,551,36,1,1,1,416,student,0
18372,247,1175,147,28,0,0,1,2274,,1
22343,4654,666,685,56,1,1,1,156,,0
10545,3007,1436,34,1,1,0,1,2046,student,1
1436,1860,981,25,4,0,1,1,1689,contact: email@example.com,0
54212,2430,885,754,88,0,0,0,823,enterpreneur,0
77544,3095,941,2884,22,1,1,0,3963,enterpreneur,0
9746,1300,312,460,110,0,1,0,1033,contact: email@example.com,0
23722,1441,1425,81,2,0,0,0,226,contact: email@example.com,1
40506,2093,208,2066,182,1,1,1,1434,,0
74200,1292,1443,3832,368,1,1,0,3029,photography lover,0
55540,3789,1999,1140,139,1,0,1,38,enterpreneur,1
61295,519,1527,2423,475,1,0,1,1971,contact: email@example.com,0
46489,4133,910,1123,1,1,1,0,1670,enterpreneur,0
33362,1742,628,308,71,1,1,1,3463,enterpreneur,0
15982,2806,1745,506,81,1,1,0,12,photography lover,0
69145,788,514,358,85,1,1,0,70,photography lover,1
64329,1926,964,3390,692,1,1,0,2260,,0
2008,3772,1541,111,25,1,0,0,718,photography lover,0
57232,1353,1844,2821,423,1,0,0,2816,,0
6751,661,1841,227,20,1,0,1,1113,contact: email@example.com,0
59118,2609,175,1977,218,0,0,1,2249,,0
66076,812,1796,3903,642,1,1,1,151,photography lover,0
10484,1573,228,155,16,1,1,1,2774,contact: email@example.com,0
34706,2252,1168,158,28,1,0,1,2073,contact: email@example.com,1
9900,2820,1859,333,7,1,1,1,1,photography lover,0
45382,3196,1309,895,185,1,0,0,1063,student,0
74205,3383,1894,1435,73,0,0,1,238,student,1
6469,4221,688,2,0,0,1,1,180,contact: email@example.com,1
31806,330,629,1137,44,0,1,0,2794,enterpreneur,0
77849,1811,652,1233,39,0,1,0,1712,student,0
24075,5,710,271,55,0,0,1,3211,photography lover,0
10577,47,1365,25,5,0,1,1,1031,photography lover,1
39086,1061,904,854,157,0,1,0,2871,enterpreneur,0
40669,2990,1474,2144,514,0,0,0,2460,contact: email@example.com,0
53029,4472,832,1071,72,1,0,0,2652,,0
25099,3867,615,1022,211,1,0,0,3312,enterpreneur,0
76449,3231,380,3470,305,0,1,1,2829,student,0
41681,3890,1102,820,110,1,0,0,2982,,0
22915,859,1796,1129,125,1,0,0,2958,,0
76822,4199,1717,3189,4,1,0,1,1788,photography lover,0
73984,4451,506,2482,356,0,0,1,2897,photography lover,1
39933,475,955,2,0,1,1,1,3368,,0
1988,2349,1410,4,0,0,1,1,2952,photography lover,1
47754,4150,1224,2839,661,0,0,0,2431,contact: email@example.com,0
44415,2380,134,2084,276,0,0,1,297,enterpreneur,0
11856,4202,1182,666,29,1,0,1,1746,photography lover,0
50718,4677,77,2745,443,0,1,1,254,enterpreneur,0
67263,2373,232,82,3,1,0,0,416,student,1
8471,297,1307,402,6,1,1,0,1445,enterpreneur,0
57865,1700,205,1566,268,1,0,1,1857,photography lover,0
11227,1075,678,531,14,0,0,0,2110,,0
59906,2370,1176,24,0,0,1,1,3601,photography lover,1
33529,2928,1310,579,107,0,0,1,3050,contact: email@example.com,1
520,2319,891,23,0,1,1,1,1692,student,0
77298,977,188,3677,744,0,1,1,1339,,0
13277,1505,1598,493,98,1,0,1,2850,contact: email@example.com,0
47683,3397,1899,861,30,0,1,1,1101,contact: email@example.com,0
14517,134,1777,270,34,1,1,1,3534,student,0
74641,1070,1497,4329,104,1,1,0,3126,enterpreneur,0
59066,4461,804,1556,246,1,0,0,2730,,0
64348,495,1752,1726,27,1,0,0,998,student,0
34566,2073,976,1145,270,1,1,0,2487,contact: email@example.com,0
37390,1034,272,918,47,0,1,0,3283,student,0
50744,523,1701,1682,287,1,0,0,288,,0
62781,2113,640,1628,52,1,1,1,709,enterpreneur,0
67758,2607,1877,3360,176,1,1,0,2061,enterpreneur,0
1426,880,736,77,8,0,1,1,1438,enterpreneur,0
53084,388,1738,2968,425,0,1,1,2838,enterpreneur,0
8731,673,1074,295,73,1,0,1,1604,,0
23034,3257,934,611,3,1,1,0,3986,,0
66354,4301,593,2807,0,1,0,0,1198,enterpreneur,0
20041,901,1671,1008,88,0,0,1,1441,contact: email@example.com,0
63745,1601,121,2153,197,0,1,0,14,,1
37040,1719,937,1555,343,0,0,1,990,student,0
18611,1803,737,837,190,1,1,0,942,student,0
26739,1221,1086,1085,238,1,0,1,3051,photography lover,0
42461,276,509,1900,68,1,0,0,1351,enterpreneur,0
61211,2625,1329,766,78,0,0,1,814,contact: email@example.com,0
48481,1786,771,1449,270,0,1,0,1255,contact: email@example.com,0
74657,1711,376,2635,205,1,0,0,2251,,0
69419,1324,393,10,1,1,0,1,3142,student,0
60268,4646,1393,3095,183,0,0,0,3915,contact: email@example.com,0
48248,3052,523,1765,142,1,0,0,190,photography lover,0
23188,2093,614,179,38,0,1,1,3364,contact: email@example.com,1
33005,1026,1253,1616,101,0,0,0,1556,student,0
9511,4005,659,409,98,1,0,0,3233,student,0
29934,4441,776,1361,104,1,0,1,151,photography lover,0
74117,161,488,1743,10,1,0,0,2504,contact: email@example.com,0
34070,4648,690,1746,111,1,0,1,3722,student,0
9098,3497,1385,226,9,1,1,0,157,student,0
52154,499,1067,1785,226,1,0,0,3161,student,0
77009,3765,1995,2,0,1,0,0,458,,1
69399,537,1543,2685,420,1,0,0,3928,enterpreneur,0
21926,254,33,944,206,0,1,1,2977,photography lover,0
36311,576,757,1235,111,1,1,1,3640,photography lover,0
42481,2299,579,1265,53,0,1,1,3590,enterpreneur,0
19827,3097,1175,963,96,1,1,1,1263,,0
21495,2036,531,878,172,1,0,0,1664,enterpreneur,0
18932,609,1932,315,46,1,1,1,2766,student,0
79566,995,598,4578,115,1,1,0,700,enterpreneur,0
59681,4261,1043,2532,340,0,0,0,1226,,0
67268,4813,245,3987,466,0,1,0,397,enterpreneur,0
65325,3771,1819,3806,311,0,1,1,3552,photography lover,0
76731,517,1823,4230,116,0,1,0,992,contact: email@example.com,0
8422,4099,1587,381,93,1,0,1,1643,photography lover,0
70530,3459,703,2578,113,1,1,0,1810,,0
5324,2630,117,54,2,1,1,0,1504,student,0
38033,716,1421,1239,45,0,0,1,3112,,0
47554,4983,858,2183,311,0,1,0,3656,photography lover,0
28628,2213,1980,894,99,1,1,0,2292,enterpreneur,0
11693,220,1396,609,37,1,0,1,3347,student,0
15384,1049,1077,101,10,0,0,0,444,enterpreneur,1
65973,2006,1973,1507,253,1,0,0,3865,contact: email@example.com,0
25497,311,1600,774,54,1,1,1,464,student,0
24826,1619,916,643,147,1,1,1,266,student,0
73868,2342,37,481,36,0,0,0,89,,1
11509,4743,185,106,5,0,1,1,974,photography lover,1
73221,431,887,3679,877,1,1,0,3348,enterpreneur,0
73677,2884,1124,2141,433,1,1,0,1204,,0
47884,4578,60,139,11,0,1,0,3163,photography lover,1
13242,4030,253,13,2,0,1,1,1697,,1
12468,4624,1408,354,45,1,1,0,416,contact: email@example.com,0
22777,851,1503,224,19,0,1,0,1893,student,0
46193,4006,59,1954,410,0,1,1,930,enterpreneur,0
12289,4893,1015,586,110,1,0,1,1166,enterpreneur,0
36452,1630,161,499,37,0,1,0,2069,photography lover,0
9239,2493,1446,328,49,1,1,1,3162,,0
43222,2654,1668,400,36,1,1,0,2347,photography lover,0
1691,2468,1738,30,0,0,0,1,893,,1
56722,1448,1196,3024,727,0,1,0,2870,photography lover,0
4431,4854,1257,144,19,1,0,0,2786,photography lover,0
15585,4782,1853,828,123,1,0,1,949,enterpreneur,0
13971,1903,1224,188,28,1,0,1,3407,photography lover,0
66479,4026,892,1316,181,0,0,1,3372,,0
4270,1987,1509,120,8,0,1,1,2415,contact: email@example.com,0
34340,3974,1181,989,240,1,1,0,1185,,0
47291,2923,1684,2830,439,0,1,1,1417,photography lover,0
41279,2350,1049,283,47,1,1,1,1758,photography lover,0
54457,640,1738,2783,316,1,0,1,752,,0
64248,3272,89,3329,239,0,1,0,1224,contact: email@example.com,0
31490,1605,72,1045,16,1,0,0,538,photography lover,0
66257,1084,198,1367,119,0,1,1,619,enterpreneur,0
25439,966,1112,792,34,0,0,1,2976,,0
78753,4909,1417,1381,228,0,1,0,514,student,0
40362,516,432,1935,425,1,1,0,1877,,0
58881,3992,311,1760,133,1,1,0,1717,photography lover,0
70000,4330,1720,3888,323,1,1,0,186,student,0
63412,155,1501,2369,397,0,1,1,3325,contact: email@example.com,0
68090,2946,1296,2101,78,1,0,1,3935,photography lover,0
42921,2887,976,1831,425,0,1,1,2554,enterpreneur,0
3478,1793,840,105,9,1,0,1,2685,,0
39446,3333,41,2140,54,0,0,0,931,photography lover,0
14519,2043,376,160,6,0,1,1,3376,enterpreneur,0
71129,2198,1793,4153,968,1,0,0,3137,student,0
18939,2157,678,922,56,0,0,0,1753,student,0
18245,4003,1409,942,155,1,0,0,2823,enterpreneur,0
19951,3165,1407,578,22,0,1,0,3821,,0
51405,1895,618,2582,125,0,1,0,2411,enterpreneur,0
45698,4633,408,841,184,1,0,0,798,contact: email@example.com,0
75907,4010,1383,3470,128,0,1,0,1322,enterpreneur,0
33300,4663,187,280,1,1,0,0,741,photography lover,1
22582,3652,989,416,52,0,0,1,1326,photography lover,1
3940,1957,1776,105,22,1,0,1,3561,contact: email@example.com,0
566,3864,1422,10,0,1,0,0,759,enterpreneur,0
29889,1646,1528,694,22,0,1,1,3566,contact: email@example.com,0
74065,1354,166,3644,894,0,0,1,1141,contact: email@example.com,0
41900,2255,399,645,109,1,0,0,1996,student,0
71483,4846,550,3196,679,1,1,0,2113,,0
8133,2839,584,35,6,0,0,0,504,photography lover,1
7465,1918,388,342,59,0,1,1,736,photography lover,0
66676,2309,1944,3168,304,0,1,0,1221,contact: email@example.com,0
8539,1456,329,205,16,0,1,0,240,photography lover,1
4156,3293,1416,180,32,0,1,1,3016,photography lover,0
32327,1752,1173,1775,318,0,0,1,2185,contact: email@example.com,1
73987,2771,1221,3554,844,1,0,1,3384,,0
55150,1849,429,1291,183,1,1,0,3452,enterpreneur,0
7929,1603,615,230,16,0,0,0,1391,student,0
66970,4851,1212,3131,383,1,0,0,3268,contact: email@example.com,0
67485,1728,598,1184,181,1,1,0,245,student,0
64055,352,1388,3089,329,1,1,1,1719,student,0
72212,1892,79,1421,281,1,0,0,2663,contact: email@example.com,0
19190,2660,145,928,135,1,1,1,1865,contact: email@example.com,0
78365,473,1456,408,0,1,1,0,2958,enterpreneur,1
25655,1528,1233,68,9,0,0,1,3434,enterpreneur,1
64162,830,86,3840,608,0,0,1,1696,contact: email@example.com,0
46349,2503,1798,2417,553,1,1,0,1098,contact: email@example.com,0
62358,3615,9,3303,341,1,0,1,2332,enterpreneur,0
50225,4842,1911,2866,411,0,0,1,3474,photography lover,0
51398,1945,1458,1351,160,1,0,0,3949,enterpreneur,0
49302,4316,1976,848,112,0,1,0,3262,photography lover,0
62319,1072,1897,486,8,0,1,1,980,student,1
59123,3902,626,1777,398,1,0,1,821,student,0
10764,2813,1513,142,32,1,0,0,2292,contact: email@example.com,0
66084,3790,421,3709,508,0,1,0,1609,student,0
42885,3777,943,10,1,1,0,0,2444,contact: email@example.com,1
25846,2662,480,222,3,1,1,1,3693,contact: email@example.com,0
41137,1287,972,608,90,0,0,1,2196,contact: email@example.com,0
77358,2630,1744,923,99,0,1,0,1422,,1
68605,4133,872,929,164,1,1,0,3476,enterpreneur,0
66695,4853,184,2625,30,1,1,1,1757,photography lover,0
37023,4637,649,727,129,0,0,0,2420,student,1
62731,907,1573,2314,165,0,0,1,542,student,0
30807,2986,1043,1645,268,0,1,1,2032,photography lover,0
54893,522,1120,1984,311,1,0,1,1705,contact: email@example.com,0
51165,3344,862,2132,120,1,1,1,492,contact: email@example.com,0
19983,4961,585,438,48,1,1,1,847,student,0
21317,262,1196,204,42,0,0,0,2813,,0
4890,3282,1266,94,14,0,0,1,723,,0
11181,4727,1796,646,11,0,1,1,529,photography lover,0
34689,4235,1235,1294,143,0,1,1,231,contact: email@example.com,0
38230,1962,1990,636,49,0,1,0,107,student,0
13209,519,1653,357,57,1,0,1,1738,,0
33351,4619,157,1671,256,0,0,1,1954,student,1
48334,4606,784,1938,5,0,0,0,2497,contact: email@example.com,0
18605,2894,769,625,94,0,0,0,2290,student,0
27058,4894,6,1437,263,1,0,1,2147,student,0
29400,23,361,1186,227,1,0,1,3996,,0
40404,3083,1524,1558,22,0,1,1,1000,contact: email@example.com,0
29311,192,704,333,25,0,0,0,2849,,0
58955,4678,295,376,39,1,1,0,319,contact: email@example.com,0
26199,3402,574,1517,68,0,1,1,3394,photography lover,0
34711,4567,549,1247,131,1,0,0,1451,,0
30357,2813,349,757,13,1,1,1,1386,photography lover,0
14633,416,202,517,14,0,0,1,541,,0
54859,132,1528,203,33,1,1,0,2036,,0
18835,1677,1649,929,60,0,1,1,1598,,0
23750,3717,992,308,54,0,0,1,3897,enterpreneur,0
63420,755,1230,3061,36,1,1,0,712,contact: email@example.com,0
75908,4260,1838,2433,342,0,0,0,1670,photography lover,1
53667,1197,1685,890,87,0,1,0,3600,enterpreneur,0
73307,2482,65,132,26,0,0,1,3229,photography lover,1
68335,1015,1905,3344,655,1,0,0,3058,student,0
38472,2328,133,407,38,0,1,0,2104,photography lover,0
61623,2260,53,191,29,0,1,0,3493,contact: email@example.com,1
26268,27,806,1191,67,0,0,0,896,student,0
36839,2839,1491,773,112,1,1,0,3238,student,0
42834,3933,160,1000,20,1,1,1,2322,contact: email@example.com,0
76839,4681,585,1139,123,1,0,1,1400,enterpreneur,0
67884,1653,525,3499,159,1,1,0,873,,0
39140,4402,794,698,154,1,1,1,2087,,0
52206,4393,1972,658,73,0,0,1,13,photography lover,0
16188,4941,662,300,44,0,1,0,2859,,0
64351,1865,417,784,70,1,1,1,944,enterpreneur,0
44243,4254,244,843,60,0,0,1,1557,student,0
42617,2825,396,212,10,0,1,0,773,,1
61302,291,266,583,132,0,1,1,1862,student,0
50633,1351,1147,1266,253,0,1,0,1484,contact: email@example.com,0
5797,3360,841,305,10,1,1,1,751,contact: email@example.com,0
23052,802,995,79,14,0,0,1,3554,contact: email@example.com,1
14137,2173,1664,180,18,1,0,0,3037,contact: email@example.com,0
58791,3874,1160,3204,12,0,0,1,1552,enterpreneur,0
2811,748,310,150,19,0,0,0,231,contact: email@example.com,0
16192,2482,753,660,21,1,1,0,3380,contact: email@example.com,0
47795,1074,625,689,36,0,1,1,2788,enterpreneur,0
55583,2682,1653,1400,243,0,0,0,2222,student,0
40264,1203,614,510,32,0,1,0,2418,contact: email@example.com,0
68857,4827,277,531,118,1,1,1,31,student,1
73515,383,1472,1676,275,1,0,0,1895,,0
10568,4817,856,365,75,0,0,1,755,,1
76200,3959,191,1645,252,1,0,0,2605,student,0
49150,4278,1379,1801,391,1,1,1,3725,,0
50897,4257,421,904,81,0,0,0,2123,,1
7607,938,1736,157,21,1,1,0,2417,photography lover,0
49749,4655,1664,2360,304,1,0,1,2670,student,0
58057,2971,739,3059,691,0,0,1,3718,student,0
46463,4810,1111,897,36,0,0,0,153,student,1
6759,4390,1135,231,33,0,0,1,1241,student,0
41858,2898,1306,698,131,1,0,1,1074,contact: email@example.com,0
74875,1872,138,239,22,1,1,0,2866,photography lover,0
57873,586,649,2562,555,0,0,0,1792,student,0
10992,505,340,112,10,1,0,0,3088,enterpreneur,0
76795,1948,1394,1961,84,0,0,1,1890,photography lover,1
76710,4054,138,2241,327,0,1,0,3902,,0
13551,2526,1033,149,15,1,0,1,3068,,0
64070,2408,1455,363,1,1,1,1,73,photography lover,1
32537,1222,1896,679,11,0,1,0,3953,photography lover,0
47494,2821,576,2713,132,0,0,0,3808,,0
35614,3190,15,1314,252,0,1,1,174,photography lover,0
62609,4910,1447,1432,319,0,1,1,1566,enterpreneur,0
79732,3647,3,186,25,1,0,0,3882,contact: email@example.com,1
63609,3036,132,2290,60,1,1,1,3352,student,0
74509,4550,1980,412,55,0,0,0,1873,,1
75682,2124,1725,2463,526,0,1,0,2179,enterpreneur,0
7208,4674,1415,325,60,1,1,0,119,,0
20270,1849,1671,515,37,0,0,1,2259,,0
57748,638,150,1037,32,1,0,1,2665,student,0
47206,2088,177,134,30,0,0,1,1438,student,1
4011,643,601,5,1,0,0,1,1227,photography lover,1
7603,591,47,196,2,0,0,0,3314,contact: email@example.com,0
41643,4406,1776,2207,454,0,1,0,1795,,0
49293,3973,112,721,17,0,1,1,1056,,0
13417,1106,1088,462,7,1,0,0,1499,student,0
13703,4188,1707,562,106,0,1,1,1969,student,0
10347,344,1469,37,4,1,1,1,1038,contact: email@example.com,0
45196,1421,469,415,43,1,1,0,2241,,0
628,3530,940,12,2,1,1,1,3445,student,0
45794,1518,1096,1841,386,1,0,1,2970,,0
38074,3652,1535,1002,14,0,1,0,926,,0
37278,4371,852,1642,252,0,1,1,1887,student,0
54342,330,570,2828,545,1,1,0,2175,enterpreneur,0
41810,119,1591,1902,261,0,1,0,2721,,0
58219,4700,1772,3466,851,1,0,1,3025,contact: email@example.com,0
61113,2602,977,2766,474,1,1,1,1941,student,0
73609,2532,56,3763,97,0,1,0,1260,student,0
63939,2318,1001,3193,158,0,0,1,2637,contact: email@example.com,1
41416,2168,1778,1814,374,0,0,1,503,photography lover,0
39372,3450,1978,1894,471,0,1,1,2696,photography lover,0
18856,2898,802,1057,25,0,0,1,3585,enterpreneur,0
47967,816,300,1367,34,1,0,0,2838,,0
11130,3133,1144,426,81,1,1,1,1735,contact: email@example.com,0
74498,3341,1661,2301,37,0,0,0,3293,contact: email@example.com,0
67603,568,1890,3451,59,1,1,0,2129,contact: email@example.com,0
9578,1883,103,247,54,1,1,0,2163,student,0
62876,3952,581,3092,618,1,0,0,3408,enterpreneur,0
9368,3093,955,449,98,1,0,1,773,contact: email@example.com,0
57698,681,196,3329,541,0,0,1,3119,,0
7016,200,1772,104,8,1,0,1,2718,photography lover,0
39055,2906,224,1662,376,0,0,0,2116,student,0
52629,2308,1330,2390,178,0,1,1,309,enterpreneur,0
58304,4805,1837,3275,225,0,1,0,3063,enterpreneur,0
33488,2611,1370,1822,403,0,1,0,876,contact: email@example.com,0
73729,4657,1526,2537,431,1,1,0,3582,student,0
61945,1071,526,2152,481,0,0,1,3168,,0
16661,2236,1654,167,6,1,0,0,1455,,1
53698,698,837,3141,747,1,1,1,1740,contact: email@example.com,0
58442,2871,122,894,136,0,1,1,103,student,0
26691,942,733,1160,193,1,0,1,1992,enterpreneur,0
59058,2461,699,2819,644,1,0,0,232,student,0
71869,1720,1042,1902,181,1,0,1,3949,contact: email@example.com,0
65369,928,529,828,148,0,0,0,2560,photography lover,0
61002,484,924,691,110,0,0,1,941,,0
50759,2560,855,2608,513,0,0,1,3215,enterpreneur,0
21642,4736,653,663,148,1,1,0,79,student,0
63617,993,1392,344,58,1,0,0,2197,contact: email@example.com,1
29135,2024,610,1253,21,1,0,1,446,,0
42575,1123,1531,639,29,0,1,0,218,photography lover,0
25155,4044,501,1322,315,1,0,1,978,contact: email@example.com,0
25041,2074,1729,465,112,0,0,1,1178,contact: email@example.com,0
12608,4872,730,151,36,1,1,1,2903,,0
76903,1225,81,391,3,1,1,1,3563,contact: email@example.com,1
11822,403,299,362,34,0,1,0,3103,,0
6900,2912,1612,186,35,0,0,1,2959,,1
74890,3258,1744,3375,635,0,1,1,2262,contact: email@example.com,0
44401,4953,423,1237,26,1,0,0,1485,,0
35032,4357,1204,722,110,1,1,0,1020,photography lover,0
58999,4420,1148,926,33,0,0,0,3783,,0
30665,3171,267,511,63,0,0,0,2087,student,0
10233,1799,903,569,34,0,0,0,2257,,0
58374,2145,1387,578,7,0,0,0,60,photography lover,1
14079,668,1934,834,16,1,1,1,1832,photography lover,0
44239,2155,1695,867,197,0,0,0,2727,enterpreneur,1
75925,1822,195,402,74,1,0,0,1981,student,1
74891,179,475,1117,260,0,1,0,2457,,0
28862,1022,873,101,11,1,0,1,3239,student,1
62424,2673,301,2959,305,1,0,0,88,student,0
49014,1846,1141,1507,135,0,1,0,3617,photography lover,0
38349,4967,17,775,119,0,0,1,3268,student,1
11194,2392,227,444,39,1,1,0,1680,photography lover,0
30108,4793,94,1139,212,0,0,0,3053,photography lover,0
52153,3303,590,2941,589,0,0,1,267,enterpreneur,0
78930,201,1524,4552,996,1,0,1,1233,photography lover,1
391,1017,354,15,0,0,0,1,431,photography lover,0
57420,3528,1974,2817,371,1,1,1,2541,,0
67706,2725,539,3219,179,1,0,0,3424,enterpreneur,0
76095,1508,89,2243,21,0,1,1,2406,enterpreneur,0
33904,2610,670,1433,253,0,1,0,2846,enterpreneur,0
9478,4514,1496,44,6,0,0,0,573,,1
21677,1943,213,985,178,0,1,1,3736,student,0
68042,225,143,3926,86,0,1,0,773,photography lover,0
70234,1554,1698,358,89,1,0,0,2105,enterpreneur,1
50965,4679,1184,2556,635,0,1,1,2733,photography lover,0
9819,3808,686,549,63,0,0,0,3426,student,0
9753,4187,1512,132,28,0,0,1,3734,student,1
38253,4558,1688,1204,73,0,0,0,2395,enterpreneur,1
47060,587,718,2619,482,0,0,1,2305,enterpreneur,0
2590,1413,1122,149,32,0,0,0,1669,contact: email@example.com,0
54887,299,21,421,85,1,1,0,2271,student,0
43560,23,612,912,185,1,0,0,2699,contact: email@example.com,0
984,4173,1190,41,4,1,0,1,2587,contact: email@example.com,0
7654,4684,394,101,20,1,0,0,2369,student,0
36345,778,1982,708,122,1,1,1,1762,enterpreneur,0
57806,3610,1942,80,2,0,1,0,783,contact: email@example.com,1
66031,2674,515,608,17,0,1,1,217,contact: email@example.com,1
34504,346,792,1164,224,1,1,1,1683,photography lover,0
23628,4578,378,925,144,0,1,1,1586,enterpreneur,0
77464,4356,1007,3016,391,1,1,0,2432,student,0
36683,2837,247,1713,388,1,1,1,3601,,0
25231,3539,781,628,103,0,1,1,2806,photography lover,0
35385,1986,1110,580,57,1,1,1,3219,contact: email@example.com,0
967,3964,1223,0,0,1,0,0,2312,contact: email@example.com,1
24154,2225,1192,299,45,1,1,1,3709,enterpreneur,0
41244,4945,442,773,146,0,1,1,3758,contact: email@example.com,0
73475,315,1584,785,110,0,0,1,612,student,0
59058,860,1383,71,9,0,1,0,2557,enterpreneur,1
62503,4843,1506,590,107,0,1,1,2024,,0
43592,1443,935,1742,307,1,1,1,3888,photography lover,0
8847,1553,1785,334,69,1,1,0,2339,,0
31274,3956,779,1755,27,0,1,1,64,contact: email@example.com,1
79762,946,1611,3819,720,1,1,1,840,enterpreneur,0
3533,2567,407,120,15,1,1,0,518,contact: email@example.com,0
70336,1430,494,580,10,0,1,1,804,student,1
54759,989,1053,1853,314,0,0,1,384,student,0
22712,4821,1111,83,14,1,0,0,3128,enterpreneur,1
62239,999,1492,1609,210,1,0,1,1977,student,0
66951,471,594,1567,310,1,1,0,2687,photography lover,0
3457,3369,1745,88,6,1,1,0,3999,photography lover,0
8513,4336,659,142,7,1,1,1,2589,student,0
53259,637,1068,2191,192,1,1,1,1917,,0
79928,3539,1863,4032,413,0,1,1,1068,,0
1917,2703,1078,88,15,1,1,1,3018,,0
53254,4150,1363,2005,423,1,1,0,2027,,0
10921,634,1817,352,63,0,0,1,3027,,1
52010,4879,1949,97,4,1,1,0,93,,1
49865,3095,998,2162,197,1,0,0,653,,0
7235,4210,833,236,9,0,1,0,520,contact: email@example.com,0
54458,1809,393,884,151,0,1,1,2725,,0
71762,4716,1074,1411,87,1,0,1,2073,student,0
69075,3131,1836,3877,509,1,0,0,1268,,0
2319,634,974,86,17,1,0,1,1239,contact: email@example.com,0
19673,4614,696,561,94,0,0,1,2427,photography lover,0
19266,3978,214,717,53,1,1,1,3862,enterpreneur,0
36263,1501,779,900,74,0,1,1,3981,enterpreneur,0
11441,2728,473,322,52,0,1,0,1886,enterpreneur,0
68347,1940,1953,1190,163,0,1,0,2682,enterpreneur,1
62141,2717,1055,1639,39,1,1,1,335,student,0
64667,4826,273,2660,581,1,0,1,3781,enterpreneur,0
15856,4494,134,37,4,0,0,1,72,contact: email@example.com,1
1165,1077,1701,55,6,0,0,0,1369,photography lover,0
72851,4859,1862,1236,61,0,0,1,2901,contact: email@example.com,0
23112,2189,1526,946,89,0,0,0,3878,contact: email@example.com,0
52501,3524,247,2024,168,0,0,0,686,enterpreneur,0
72754,3821,196,2848,192,1,0,0,2644,contact: email@example.com,0
2893,2414,395,105,14,0,1,0,752,,0
437,2283,1502,25,2,0,1,0,202,student,0
434,2282,1530,13,2,0,1,1,1695,enterpreneur,0
12506,4312,1675,549,129,1,1,0,2306,contact: email@example.com,0
4132,1931,193,174,9,0,1,0,1056,,0
65598,1399,306,929,23,0,0,0,3892,contact: email@example.com,0
48474,1807,1800,823,161,1,0,1,2466,,0
78403,974,1857,1994,495,0,0,1,1753,photography lover,0
64118,1957,1451,1068,230,0,1,1,1943,enterpreneur,0
77055,570,212,1695,10,1,1,1,1857,photography lover,0
19084,448,137,447,28,1,1,0,446,contact: email@example.com,0
23023,3619,111,834,9,1,1,0,2425,contact: email@example.com,0
67952,387,1383,896,183,0,0,0,3139,,0
19590,2841,1691,945,137,0,1,0,1685,photography lover,0
4578,3899,1263,120,15,1,1,1,1704,,0
53530,3622,524,2268,314,1,1,0,3641,enterpreneur,0
64077,2230,1514,313,19,1,1,1,2443,contact: email@example.com,1
77455,968,118,2184,328,1,0,0,1192,enterpreneur,0
74223,4653,1656,125,0,1,0,0,16,,1
9618,4175,1783,390,62,1,0,1,3293,,0
61768,3061,1436,1273,233,1,0,0,2505,,0
67690,433,1758,3855,648,1,0,1,2504,student,0
55849,175,1172,1086,90,1,1,1,1132,enterpreneur,0
65583,1576,936,2218,458,1,0,1,745,,1
67038,787,644,1035,185,0,1,0,1977,contact: email@example.com,0
35724,4301,1843,1329,42,1,1,1,3031,photography lover,0
3212,1029,1394,90,4,0,1,1,1191,student,0
36495,1413,380,811,129,0,1,0,2108,enterpreneur,0
16142,4878,1913,197,14,0,1,1,3985,student,0
9098,4091,118,60,1,1,0,1,878,student,1
9993,1093,1175,71,2,0,0,0,924,photography lover,1
55789,1917,381,3344,138,0,0,1,944,student,0
40362,2578,1328,998,119,0,1,1,3651,photography lover,0
43187,3321,825,5,0,0,0,0,2115,photography lover,1
59615,4680,874,3408,150,0,1,1,3671,enterpreneur,0
43861,4355,1343,52,9,0,0,1,3791,contact: email@example.com,1
50400,4885,1512,1265,88,1,0,0,1684,contact: email@example.com,0
6881,203,760,296,23,0,1,0,220,photography lover,1
68090,1181,1995,3736,208,1,1,1,1216,photography lover,0
35902,2815,996,1535,301,1,1,0,2175,,0
12417,245,320,345,82,1,0,1,1524,photography lover,0
65066,1776,12,3804,468,1,0,1,10,student,1
58769,768,404,138,1,1,0,1,3957,photography lover,1
4242,4664,1382,251,16,1,0,0,1213,enterpreneur,0
15443,316,1078,787,31,0,0,0,2475,,0
1259,742,675,70,14,1,1,0,3787,student,0
21660,975,962,331,7,0,1,1,2179,photography lover,0
7998,742,1676,68,16,1,1,0,2778,student,0
56792,2842,1143,2260,332,1,0,0,144,,0
41804,1821,116,1293,167,1,0,0,2787,student,0
78416,4562,98,2461,521,1,0,1,3391,enterpreneur,0
59953,1304,964,3326,22,0,1,1,3673,contact: email@example.com,0
48923,2686,808,1820,353,0,1,1,336,photography lover,0
40745,3300,1701,760,22,1,0,0,914,student,0
4360,3129,1165,104,21,0,0,0,188,enterpreneur,1
5616,3981,1513,44,5,0,0,0,3671,student,1
49304,1009,1170,568,8,0,1,0,1100,student,0
350,2537,690,3,0,1,1,0,2126,photography lover,0
3388,4002,1314,164,1,0,1,1,1903,contact: email@example.com,0
17530,4315,1242,741,25,1,1,0,2755,enterpreneur,0
70731,3088,1440,2250,448,0,0,0,3581,contact: email@example.com,1
36714,3259,378,824,95,0,1,1,1295,enterpreneur,0
56766,4320,1283,2276,501,0,0,1,3160,photography lover,1
32924,3124,570,1605,254,0,0,0,1164,photography lover,0
13850,4744,1580,732,114,1,1,1,791,,0
29692,637,1597,974,71,1,1,0,425,enterpreneur,0
7337,1739,1249,360,12,1,0,1,1488,enterpreneur,0
61620,560,1893,1890,454,0,1,0,2242,photography lover,0
14682,452,1075,418,10,1,0,0,3121,,0
30110,2359,50,1563,206,1,0,1,3393,contact: email@example.com,1
78402,1129,1212,1817,123,1,1,0,2108,photography lover,0
47357,2035,1555,1124,74,1,0,0,1636,student,1
36684,2189,202,671,99,1,1,0,698,,0
43441,3104,209,1351,269,1,1,1,3656,,0
62726,4728,546,2050,398,0,1,1,1584,contact: email@example.com,0
20358,4246,1688,806,175,0,1,0,3058,enterpreneur,0
50912,1891,1054,1315,96,1,1,1,2504,,0
69815,1627,1952,912,106,1,0,0,3725,,0
45793,3853,1745,2381,5,0,1,1,3892,student,0
35723,618,1109,741,138,0,0,0,2827,enterpreneur,0
11610,2702,1358,642,48,1,1,0,2647,student,0
19863,2115,662,247,34,1,1,0,549,contact: email@example.com,0
75681,914,180,2543,107,0,1,0,65,enterpreneur,0
43300,3082,797,1394,285,1,0,0,2184,enterpreneur,0
24107,1603,1184,1198,244,1,1,0,2820,photography lover,0
33469,927,364,278,60,1,0,0,2984,enterpreneur,0
46241,3265,443,2524,28,1,1,1,1004,contact: email@example.com,0
43003,870,29,1371,340,0,1,0,2013,,0
55982,3364,1468,1968,121,0,1,0,3448,enterpreneur,0
20599,810,1798,630,48,1,0,1,383,contact: email@example.com,0
51938,2173,1654,112,6,0,0,0,1536,student,1
35414,4039,759,1056,70,0,0,1,3778,enterpreneur,1
75247,1143,1186,1189,164,0,1,1,799,photography lover,0
12633,3838,1921,259,15,1,1,1,1267,,0
11875,3609,1182,462,45,1,1,1,1872,contact: email@example.com,0
36932,4513,591,1102,180,0,1,1,2753,photography lover,0
40668,844,677,227,47,1,0,0,1021,enterpreneur,1
55270,3575,1454,242,41,0,0,1,3169,photography lover,1
32322,4683,892,360,53,0,0,1,944,photography lover,1
73097,3815,1674,837,30,1,0,1,1473,enterpreneur,0
37933,939,1728,1384,282,1,1,0,2293,photography lover,0
10346,4110,71,110,1,0,1,0,49,contact: email@example.com,0
9537,536,1446,504,33,0,0,0,3069,,0
77872,2944,739,980,13,1,1,1,2675,,0
10727,2488,1039,58,9,0,0,0,3339,,1
75828,2655,529,3984,366,0,0,1,1100,photography lover,0
22246,2597,736,394,64,0,0,0,1591,,0
7472,157,660,190,16,0,0,0,3594,photography lover,0
24376,2540,100,1402,159,1,0,1,268,,0
49175,4683,1565,2786,318,0,1,1,1965,enterpreneur,1
34232,2183,286,1468,16,0,1,1,1936,,0
62846,1384,751,259,27,0,0,1,1790,contact: email@example.com,1
48879,4974,386,1740,278,0,0,1,1735,contact: email@example.com,0
32062,494,321,1902,259,0,0,1,2989,enterpreneur,0
50770,2431,746,2884,54,0,0,0,788,enterpreneur,1
77717,2562,1837,494,82,0,1,1,3564,enterpreneur,1
32944,2389,1888,782,60,1,1,1,3584,contact: email@example.com,0
12275,4608,763,232,0,1,0,1,718,student,0
32702,2108,1010,254,9,1,0,1,3896,enterpreneur,1
67209,4866,1971,2801,348,0,1,1,1048,student,0
17410,334,469,286,22,1,0,0,207,enterpreneur,0
75931,3669,1889,1571,272,0,1,1,1592,photography lover,0
47064,2964,211,255,15,1,1,1,3183,,1
48125,1202,451,1437,277,0,1,0,3378,contact: email@example.com,0
25363,1139,676,240,17,1,1,1,2583,enterpreneur,0
73636,3598,74,1909,296,0,0,1,3244,enterpreneur,0
2884,3188,1631,24,4,0,1,1,1046,photography lover,1
23893,3055,1710,1367,131,0,1,1,3516,enterpreneur,0
33472,254,766,291,3,1,1,0,2540,student,1
38182,2989,1672,1195,159,0,1,1,535,,0
37930,4906,1545,448,111,0,1,1,515,contact: email@example.com,0
11833,86,1602,54,13,1,1,0,1069,contact: email@example.com,0
18047,2345,1605,219,12,0,0,1,278,contact: email@example.com,0
7619,2471,1146,25,4,0,0,0,1131,student,1
45796,4483,221,383,33,0,1,1,3973,photography lover,1
28069,1414,1846,831,33,0,0,1,961,,0
45261,2377,1217,1770,294,0,1,1,2545,enterpreneur,0
47177,3585,1802,247,30,0,0,1,3910,contact: email@example.com,1
56160,301,1918,1486,200,1,0,0,1013,,0
43762,4005,374,1526,315,0,1,0,2785,enterpreneur,0
51835,4111,804,728,61,1,1,1,1800,,0
46972,3598,384,1048,174,0,1,0,1141,enterpreneur,0
52194,3240,101,224,20,1,0,1,3800,,1
49331,3738,1932,651,6,0,0,0,2627,contact: email@example.com,1
25297,3908,1846,708,66,0,1,1,1755,,1
19702,4516,1863,1170,277,0,1,1,3248,student,0
62994,2140,1767,3765,454,1,1,0,3601,enterpreneur,0
27416,2280,1297,1611,43,1,1,0,3126,contact: email@example.com,0
43931,3189,1044,1115,191,1,1,0,3475,photography lover,0
15757,965,1982,76,18,1,0,1,1288,contact: email@example.com,1
34513,4281,1104,670,152,0,0,0,1377,,0
42373,3852,1284,604,86,1,0,1,931,student,1
50080,3155,423,42,3,1,1,0,2784,contact: email@example.com,1
42110,1508,1493,240,34,1,0,1,3212,photography lover,1
28852,1738,1638,784,159,1,1,1,2642,student,0
76941,2174,1357,1568,337,0,0,0,2397,student,1
41019,3312,997,443,90,0,0,0,3085,photography lover,1
64664,3890,395,2778,316,0,1,0,726,enterpreneur,0
58936,3359,67,1262,37,1,0,1,1464,student,0
44665,4649,1254,2282,324,1,1,1,2828,enterpreneur,0
70912,4802,1366,1025,40,1,1,1,209,student,1
10261,3524,1545,331,5,1,1,1,3643,contact: email@example.com,0
73684,1854,1900,814,101,0,0,1,684,student,0
68018,2995,994,2021,331,0,1,0,3148,enterpreneur,1
40290,2125,1658,368,78,0,1,0,2466,enterpreneur,1
58671,3145,1432,568,111,1,0,1,3390,contact: email@example.com,0
41622,4060,554,1528,327,1,1,1,3100,contact: email@example.com,0
21501,1846,1690,340,64,1,0,1,2063,photography lover,0
63989,2528,106,661,116,1,0,1,3024,photography lover,0
19673,228,1197,1097,2,0,0,0,1386,photography lover,0
25156,3682,1880,64,10,1,1,1,2335,student,0
41543,2449,1317,1408,42,1,1,1,3660,student,0
66990,2298,1874,2203,32,1,0,0,339,,0
30714,2662,112,461,18,1,0,0,1423,contact: email@example.com,0
39531,1077,1064,1073,220,1,1,1,70,contact: email@example.com,1
3333,2989,1561,17,3,0,1,0,2137,enterpreneur,1
9268,3726,1284,401,95,1,1,0,3128,photography lover,0
4475,1748,1761,59,14,0,0,0,155,contact: email@example.com,0
5764,655,925,66,14,1,0,1,2197,photography lover,0
69481,1934,1365,1312,43,1,0,0,1661,photography lover,0
67359,992,839,3646,800,1,1,0,3131,contact: email@example.com,0
65750,1869,1744,3142,658,0,1,0,881,contact: email@example.com,0
4445,3134,238,252,54,0,1,0,651,student,0
6211,566,508,242,9,1,0,0,379,,0
22448,3736,193,892,26,1,1,1,1630,,0
45223,1123,1404,1302,300,0,1,0,1950,contact: email@example.com,0
26730,4473,465,1451,63,1,0,0,3676,photography lover,0
39004,3662,634,1195,110,1,0,1,1864,enterpreneur,0
13839,1362,1673,294,33,1,1,1,687,photography lover,0
58462,2816,720,2246,69,0,1,1,2796,student,0
25111,553,291,822,4,1,1,1,247,contact: email@example.com,0
5323,498,41,39,9,0,0,0,1381,student,1
59415,4780,453,1400,306,1,0,0,2614,student,0
72223,4012,1829,1357,309,1,1,0,1016,student,0
1174,772,1097,59,4,0,1,0,2378,photography lover,0
34933,1413,1989,794,43,1,0,1,1813,student,0
66173,988,430,3261,347,0,0,0,3808,student,1
56493,1975,702,1499,169,1,0,1,1150,,0
68523,1456,326,3097,4,0,1,1,3625,student,0
33216,1640,796,269,52,1,0,1,2503,enterpreneur,1
29780,2646,1126,1652,411,0,0,1,2997,,0
56734,945,1616,1635,216,0,1,1,675,contact: email@example.com,0
12289,4414,736,191,18,0,1,0,77,contact: email@example.com,0
19153,3638,1543,277,27,1,0,1,2923,enterpreneur,0
48067,3802,1252,764,18,0,0,1,1922,,1
53476,847,583,1176,78,0,0,1,1236,student,1
9573,3540,1824,412,51,0,0,0,3584,contact: email@example.com,0
40664,4181,868,2316,250,0,0,1,1306,,0
29193,875,301,1171,159,0,1,1,1735,enterpreneur,0
40139,3756,1925,1317,279,1,0,0,2897,contact: email@example.com,0
76674,1788,1826,2063,116,1,1,1,3848,,0
6128,3937,99,304,2,1,0,0,3596,photography lover,0
79637,2392,1804,4059,38,1,1,0,2610,enterpreneur,0
35966,4011,1894,632,21,1,1,1,442,contact: email@example.com,0
61768,737,1658,3533,503,0,1,1,438,enterpreneur,0
33957,1945,509,805,162,1,1,0,2771,student,0
24876,1367,1262,1194,264,0,0,0,2037,enterpreneur,1
61647,1241,1076,3576,567,1,1,0,533,student,0
55013,1541,1240,2322,234,0,1,1,2782,student,0
11524,1912,1232,111,4,1,0,0,3769,enterpreneur,1
56432,636,1278,1984,199,0,0,1,262,,1
60246,3535,1028,429,35,0,1,0,3302,photography lover,1
31027,2751,1380,1469,319,0,0,1,1379,,0
74051,4146,1053,1249,151,1,1,0,1591,enterpreneur,0
51271,3525,32,2138,120,0,1,0,2868,enterpreneur,0
26690,745,70,1457,105,0,0,0,988,,0
858,349,1916,9,0,0,1,1,629,,0
53996,2114,1818,1272,292,1,1,1,3855,photography lover,0
16724,2405,1171,649,8,1,0,0,1394,photography lover,0
60522,1201,349,1523,4,1,1,0,679,student,0
42007,3911,1562,440,20,1,0,1,2759,student,0
37338,2907,286,65,13,0,0,0,867,photography lover,1
13100,3739,754,319,41,1,1,0,3102,,0
56920,545,659,2217,346,0,1,0,282,enterpreneur,0
13272,4075,24,457,40,0,0,1,2074,enterpreneur,0
33420,1030,1614,313,5,0,0,0,1612,enterpreneur,1
66904,2241,1019,1809,387,0,0,0,3827,contact: email@example.com,0
73629,2196,632,1632,78,0,0,0,2085,contact: email@example.com,1
79130,4102,1014,1301,10,1,0,1,3701,contact: email@example.com,0
76640,1384,0,3353,480,1,1,1,994,enterpreneur,0
44477,1203,873,826,17,0,0,1,1894,,0
16038,1698,1039,519,12,0,0,0,3255,photography lover,0
67125,1804,679,3718,743,1,0,0,641,student,0
64130,908,1660,2075,255,0,1,0,3711,enterpreneur,0
79225,881,499,2933,177,1,1,1,3091,contact: email@example.com,0
52075,1156,275,228,19,0,1,0,2707,enterpreneur,1
11327,2337,1055,121,22,1,0,1,973,photography lover,0
40232,1716,1774,243,4,1,1,0,3272,enterpreneur,0
35859,1960,750,1645,47,0,1,0,3371,enterpreneur,0
67435,3595,93,3382,521,0,1,0,1171,enterpreneur,0
31405,1204,1939,351,53,1,1,1,2348,student,0
26287,4549,888,345,83,0,1,1,243,enterpreneur,0
6403,3758,345,124,11,0,1,1,1576,photography lover,0
66836,873,1231,2370,38,0,1,0,603,photography lover,0
60426,1569,639,2254,302,0,1,1,2225,photography lover,0
3298,917,1875,135,21,1,1,1,2195,photography lover,0
34702,1364,587,1884,65,0,1,0,2131,enterpreneur,0
38377,1827,1100,679,93,0,0,1,2708,photography lover,0
37546,654,1086,1484,73,1,1,1,3699,,0
73514,72,484,2468,521,1,0,0,787,,0
12053,2194,998,221,46,1,1,0,858,contact: email@example.com,0
24507,3504,218,1334,143,1,0,0,862,student,0
14474,1514,1287,82,19,0,1,1,3712,student,1
19526,4302,1516,834,204,1,1,0,371,contact: email@example.com,0
72568,1846,1900,3169,102,0,1,0,126,,0
75257,4503,651,4133,379,1,0,1,642,contact: email@example.com,0
3571,1179,570,111,16,1,1,0,3077,enterpreneur,0
50567,2696,1097,975,20,1,1,0,2318,enterpreneur,0
18628,3815,1385,925,88,1,0,0,3678,student,0
15404,295,1984,712,46,0,0,1,817,enterpreneur,1
23364,4650,50,701,166,0,1,0,1576,photography lover,0
15550,1824,476,716,73,1,1,0,2222,photography lover,0
39215,2489,524,630,120,0,1,1,293,contact: email@example.com,0
79648,3142,510,2817,272,1,0,0,3674,photography lover,0
46915,3214,927,2435,80,1,0,1,3218,enterpreneur,0
57859,118,1745,1103,238,0,1,0,575,contact: email@example.com,0
39463,4335,61,1144,0,1,1,1,3371,student,0
1112,3118,1631,63,0,1,1,1,1795,photography lover,0
6729,4994,1235,322,29,1,0,1,1345,contact: email@example.com,0
21509,2357,1230,1144,196,0,0,0,3784,contact: email@example.com,1
19493,3067,1356,450,38,0,0,0,2074,student,0
67246,2205,230,4020,66,0,1,1,909,,0
67487,4448,1493,617,49,0,1,0,3238,student,1
68329,4161,496,2126,130,0,0,0,2863,student,0
51007,4543,1033,1466,1,0,0,1,768,,0
44493,2521,1353,2131,284,0,1,1,2709,student,0
51931,3957,1207,2831,82,0,0,1,2516,,0
32544,1793,646,1427,102,1,0,1,1102,enterpreneur,0
53616,2304,792,2016,323,1,0,1,1723,student,0
63555,3801,953,1629,295,1,1,0,3357,enterpreneur,0
61032,405,82,1868,123,0,1,0,698,student,0
49106,3552,1452,1500,123,1,1,1,2889,enterpreneur,0
4648,79,199,5,0,1,0,1,3325,enterpreneur,1
57995,2903,917,1750,418,0,1,0,3747,,0
29328,2386,1309,1506,71,1,1,0,1299,student,0
59493,2343,160,2531,115,0,0,0,1067,enterpreneur,0
43162,2471,1991,2060,229,1,1,1,3737,student,0
70494,2459,754,1651,78,0,0,1,1851,photography lover,0
27076,2036,31,859,33,1,1,0,2276,contact: email@example.com,0
74511,2256,1317,149,3,0,1,0,2052,,1
67558,2840,1115,1552,248,1,1,1,2058,contact: email@example.com,0
26488,3817,1280,753,115,1,1,0,2498,enterpreneur,0
38605,2760,1502,591,96,0,1,0,1693,photography lover,1
42507,3212,951,79,15,0,1,0,1568,,1
61490,4183,1653,2547,207,0,0,1,1603,contact: email@example.com,1
55132,4947,740,1439,330,0,0,1,2625,student,0
68161,543,1090,1699,311,0,1,0,3272,contact: email@example.com,0
29589,3564,317,443,89,1,0,0,2220,contact: email@example.com,0
40383,1125,1239,1303,234,1,1,1,2710,,0
34469,983,523,905,81,1,1,1,1652,enterpreneur,0
72764,3965,1393,2069,146,1,0,0,3094,photography lover,0
24398,343,1602,850,89,1,1,0,1575,contact: email@example.com,0
46969,4239,1717,17,0,0,0,1,1684,photography lover,1
9613,3852,1858,523,59,1,0,0,221,,0
68021,4974,244,290,3,0,1,0,1046,enterpreneur,1
30737,3339,275,831,0,1,0,1,2954,student,0
27247,4364,1852,339,78,0,0,0,348,student,1
46633,592,761,1465,252,0,0,0,896,photography lover,0
39905,4449,52,670,94,0,1,1,3106,student,0
67838,801,573,3500,298,1,0,0,3492,contact: email@example.com,0
42512,1571,1672,1011,144,1,0,0,1661,enterpreneur,0
41359,640,709,1585,353,1,0,1,1628,contact: email@example.com,0
8398,2008,153,125,20,0,1,0,2037,photography lover,0
1755,3744,1444,2,0,1,0,1,3080,contact: email@example.com,1
31884,1340,389,773,88,1,0,1,1877,photography lover,0
79856,4110,705,2570,222,0,1,1,694,contact: email@example.com,0
73387,3031,7,2023,353,1,1,1,1725,contact: email@example.com,0
50318,3144,1203,2904,712,1,1,0,1019,,0
50466,4694,890,2140,227,0,0,1,2735,contact: email@example.com,0
31320,2159,1734,1871,183,0,0,0,571,enterpreneur,0
14200,1723,668,251,26,0,0,0,2435,enterpreneur,0
683,4972,409,32,3,1,0,0,520,student,0
27108,2785,331,903,223,1,0,1,3888,photography lover,0
25317,3073,400,929,164,1,1,1,2560,contact: email@example.com,0
15328,1481,902,906,81,1,0,1,556,,0
20733,1077,174,813,75,0,1,1,3835,contact: email@example.com,0
1985,848,804,107,11,0,1,0,2294,photography lover,0
48636,1117,1709,2117,19,0,0,1,2426,enterpreneur,0
74196,975,1535,567,74,0,1,1,253,student,1
55263,3733,1274,2319,470,1,1,0,751,photography lover,0
35856,289,1786,1041,171,1,0,0,3231,photography lover,0
33621,3146,1560,1853,91,1,0,0,1870,photography lover,0
24602,4746,1305,1190,216,1,1,1,2465,contact: email@example.com,0
11392,3827,1726,71,12,0,0,0,3948,enterpreneur,1
47878,2014,248,384,25,1,0,1,1714,enterpreneur,1
45321,297,1636,189,29,0,0,1,1524,enterpreneur,1
585,4170,590,17,2,1,0,0,3209,student,0
33241,15,1466,161,33,1,0,0,265,contact: email@example.com,1
22241,3406,1826,965,32,1,1,0,1820,photography lover,0
13622,3354,992,451,21,1,1,0,3419,contact: email@example.com,0
56242,959,177,2820,342,0,1,0,911,photography lover,0
42066,3699,740,706,7,1,1,1,1216,photography lover,0
50701,877,813,1579,164,1,1,0,1890,student,0
57078,1128,1873,402,79,1,1,1,298,enterpreneur,0
78544,4059,1885,4168,154,0,0,1,284,enterpreneur,0
64221,4895,1136,674,77,0,0,1,1006,enterpreneur,1
49628,1323,1901,304,75,1,0,1,3591,,1
70321,4606,872,865,109,0,1,0,888,,0
38200,4566,822,1847,230,1,1,1,2924,contact: email@example.com,0
78781,3847,1673,500,69,0,1,1,1704,contact: email@example.com,0
60914,700,1334,2245,104,1,0,0,3041,,0
52070,1497,1044,2331,85,0,0,0,1321,contact: email@example.com,1
72266,3388,913,3256,551,1,0,1,3498,photography lover,0
41206,4996,1411,469,46,0,0,1,1483,contact: email@example.com,0
57655,4072,1506,213,15,1,1,0,3166,contact: email@example.com,0
22778,2101,981,613,4,0,0,1,3325,enterpreneur,0
77056,1176,63,936,197,1,1,0,1727,,0
49869,4801,203,2092,16,0,1,1,2668,enterpreneur,0
62560,1381,288,1338,250,1,0,1,475,,0
36859,1711,924,993,94,1,1,0,1986,photography lover,0
69344,4822,1228,472,70,1,0,1,1494,enterpreneur,1
5934,2808,1607,202,12,0,0,0,3817,,0
9128,1322,465,101,3,0,1,1,3736,photography lover,0
40569,26,1573,1652,220,0,1,1,3133,enterpreneur,0
58593,2149,1332,250,43,0,0,1,3796,,1
64737,4930,103,3790,185,1,1,0,3903,photography lover,0
35207,2162,702,1446,157,1,0,0,3071,,0
51973,3497,605,566,62,0,0,1,2375,enterpreneur,0
44248,1265,1773,37,1,1,0,1,818,,1
76921,3878,1842,1543,217,0,0,0,3261,photography lover,0
52328,3878,1638,479,17,1,1,1,778,student,1
33347,3041,1056,437,55,0,1,1,741,photography lover,0
77585,3859,985,4062,115,1,1,1,3519,photography lover,0
8580,2894,622,310,37,0,1,0,458,contact: email@example.com,0
78766,1891,1545,833,64,0,0,0,568,enterpreneur,1
12321,3689,172,411,46,0,1,0,2044,,0
23058,4175,542,353,38,0,0,0,2336,contact: email@example.com,0
65717,4205,270,3849,873,1,1,0,183,student,0
58700,1065,988,115,14,1,1,0,1513,,0
77628,3382,599,3410,697,0,1,0,901,contact: email@example.com,0
59998,21,394,2782,156,0,1,0,1208,photography lover,0
50960,2859,752,205,18,1,0,1,724,photography lover,1
27719,2855,1721,285,5,1,1,0,2709,,0
377,1817,1116,8,0,0,1,0,1892,contact: email@example.com,0
9909,4970,1646,516,86,1,0,1,3838,photography lover,0
23822,4414,1827,767,160,1,1,1,34,student,0
3275,193,1804,128,18,1,1,1,3110,photography lover,0
40654,1044,702,1909,305,1,0,0,3639,contact: email@example.com,0
62187,1039,1754,3089,136,0,1,0,1945,enterpreneur,0
77060,4487,1818,2202,20,0,0,1,2797,student,0
39175,2594,1919,1195,236,1,1,1,1763,photography lover,0
70000,3644,702,3015,125,0,0,0,2380,enterpreneur,0
78843,4049,456,1245,28,0,0,1,3630,student,0
68786,3838,1168,3526,826,1,1,1,2121,contact: email@example.com,0
37197,445,1863,46,11,0,1,1,2312,enterpreneur,1
26020,701,1801,305,46,1,1,1,3946,,0
78233,1976,1142,3756,355,0,0,1,1987,contact: email@example.com,0
19352,1691,298,395,82,0,1,0,693,,0
32926,3735,844,296,15,0,0,1,2731,photography lover,1
5922,781,1428,66,7,0,1,1,2771,student,0
63494,1857,1120,2021,180,1,0,0,949,photography lover,0
51986,1182,690,2639,602,1,1,0,2915,contact: email@example.com,0
6785,944,685,28,6,1,1,0,255,contact: email@example.com,0
17754,864,119,32,5,1,0,0,1280,,1
44436,977,577,1240,34,0,0,1,3420,photography lover,0
43232,2821,1338,2480,298,0,1,0,2470,photography lover,0
64164,2050,482,1074,65,1,1,1,2429,enterpreneur,0
21287,2176,1986,1225,271,0,0,1,2484,student,0
73976,2397,164,3940,136,1,1,1,660,enterpreneur,0
35557,3705,1177,604,8,1,0,1,3845,,0
65806,4309,993,3225,567,1,1,1,1192,student,0
19070,2632,1666,784,88,1,0,1,3145,photography lover,0
2957,3211,1775,90,18,1,0,0,3959,photography lover,0
4404,3692,1086,111,2,1,1,1,964,enterpreneur,0
29816,3452,1260,1458,291,1,1,0,2538,,0
76252,671,1397,3628,33,0,0,0,170,,1
3895,4914,1041,176,1,0,0,1,2544,student,0
29518,824,369,1767,203,1,0,0,1764,enterpreneur,0
8742,2059,857,250,13,0,0,0,289,student,0
74525,3263,483,3608,535,1,1,1,2688,,0
54024,2016,928,2795,18,0,0,1,3875,enterpreneur,0
61015,1215,1230,774,6,1,1,1,333,photography lover,0
57060,4616,418,144,26,1,0,1,3571,enterpreneur,1
52562,357,498,1276,67,1,0,1,3374,photography lover,0
61897,1229,1645,3181,522,1,1,1,2191,contact: email@example.com,0
649,4964,755,11,2,0,0,1,3605,photography lover,0
69236,3649,396,2907,43,0,0,0,1238,contact: email@example.com,0
59189,434,1426,26,5,0,0,1,2880,photography lover,1
59154,3772,1433,1261,84,0,0,1,2792,enterpreneur,1
31474,4847,1652,1162,113,1,1,0,2322,student,0
64069,488,1519,498,10,1,1,0,3333,,1
30545,2070,1983,1643,344,0,0,1,3505,,0
3917,2341,1149,36,5,0,0,1,3144,student,1
72625,655,573,3964,500,1,0,1,2353,,0
18762,1002,1725,243,58,1,0,0,3908,enterpreneur,0
8152,868,529,486,40,1,0,1,2222,,0
49751,926,582,1805,401,1,0,1,2547,student,0
18692,2017,1656,94,16,0,1,1,756,photography lover,1
68650,2319,1763,268,62,0,0,0,1285,,1
35500,1189,678,159,36,0,1,1,3618,photography lover,1
360,1447,1458,12,2,0,1,0,1992,student,0
76137,961,1844,3698,121,0,0,0,2045,photography lover,1
41170,3980,1597,995,198,0,0,1,3265,photography lover,0
21038,1058,9,561,112,1,0,0,1304,photography lover,0
54182,4538,1329,1915,308,0,0,0,1062,photography lover,0
42448,2694,339,1357,94,1,0,0,36,student,0
2368,4013,1692,97,23,1,1,0,926,contact: email@example.com,0
60771,3181,134,1720,87,1,0,0,2048,student,0
32108,1330,1986,1375,171,1,0,1,2899,student,0
55985,3006,354,3350,436,1,1,1,1317,enterpreneur,0
71650,1370,840,1505,60,0,1,1,1778,student,0
48849,592,468,35,6,0,1,0,887,contact: email@example.com,1
53729,1273,1627,404,8,1,1,0,3266,student,1
20372,1378,786,676,117,1,0,1,2099,photography lover,0
19012,675,1489,392,83,0,0,1,575,student,0
33200,118,134,1872,163,0,0,0,2438,enterpreneur,1
68222,4718,905,2568,455,0,0,1,1343,photography lover,0
41935,2567,1822,1309,51,0,0,0,3460,photography lover,0
27842,2010,1853,1333,281,1,0,1,1073,student,0
62368,4649,417,967,230,0,0,0,3459,contact: email@example.com,0
68267,1123,788,3357,128,1,0,0,2791,photography lover,0
72202,2014,818,13,2,1,1,0,542,student,1
23915,4233,1130,889,112,1,0,0,3037,enterpreneur,0
56771,3160,1074,3184,423,0,0,1,2882,enterpreneur,1
47225,1995,211,2232,394,0,1,1,1824,,0
35917,1279,1525,1839,224,0,1,1,643,photography lover,0
31755,175,451,756,113,1,0,0,1912,contact: email@example.com,0
9164,425,629,453,26,1,0,1,2434,contact: email@example.com,1
21986,809,1681,726,68,0,0,0,528,enterpreneur,1
43973,3933,1379,1631,352,0,0,0,1364,,1
70924,3196,793,250,6,1,0,1,2807,student,1
69307,2167,1824,838,125,1,1,1,2211,,0
15007,3914,788,496,22,1,1,0,3969,photography lover,0
54345,803,1130,191,40,1,0,0,867,contact: email@example.com,1
6784,1054,491,301,43,1,1,1,3111,photography lover,0
54001,1963,366,2721,274,0,1,1,1702,,0
27354,4586,983,1510,94,0,0,0,893,enterpreneur,0
35987,3071,1126,219,23,1,0,1,3804,enterpreneur,1
57411,4254,1611,3237,774,0,1,1,2492,enterpreneur,0
33991,1240,781,137,17,1,0,0,2142,contact: email@example.com,1
64594,4241,1790,1837,215,1,0,1,1180,enterpreneur,0
42686,362,1214,2152,401,0,0,1,3525,enterpreneur,0
79899,1138,140,337,31,0,1,1,121,contact: email@example.com,1
51059,2615,1478,55,5,0,0,0,461,photography lover,1
23708,252,1149,35,2,1,1,1,720,student,1
62022,4291,778,1902,71,1,0,1,2612,student,0
32635,4337,934,1589,283,1,1,1,411,enterpreneur,0
42733,2707,603,326,71,1,0,1,3188,student,1
10945,1529,1228,81,18,1,0,0,784,student,1
9547,494,1133,325,71,0,0,0,2706,,1
45989,3094,894,646,72,0,0,1,3182,enterpreneur,0
14935,2688,570,654,46,1,1,1,3514,,0
79806,3799,797,4547,725,1,1,1,1172,student,0
68453,3012,995,3146,750,1,0,1,299,student,0
56070,641,943,2950,536,0,0,1,3028,enterpreneur,1
58775,608,618,1832,226,0,0,0,1795,student,0
47617,3904,1163,2377,409,0,0,0,3795,,0
4823,795,453,52,10,0,0,1,753,student,1
31389,4692,1001,128,29,1,1,0,2297,photography lover,0
39664,529,243,1561,297,0,0,0,477,photography lover,0
73223,3641,944,228,24,0,1,1,1942,photography lover,1
17559,4876,1567,940,64,1,0,0,5,,1
39753,2206,1635,1649,206,1,1,1,3000,contact: email@example.com,0
27525,283,1389,1572,128,0,1,0,2419,photography lover,0
10749,4383,1491,202,47,1,1,0,389,student,0
8241,936,131,240,30,1,1,0,1998,contact: email@example.com,0
29230,2637,682,1300,153,1,1,0,1713,photography lover,0
6593,4922,1308,96,8,0,0,1,2694,contact: email@example.com,0
5373,3723,1601,174,27,1,0,1,1995,student,1
28069,231,1165,1110,144,1,0,0,1836,contact: email@example.com,0
16158,4102,1707,948,30,1,1,0,3324,student,0
44384,806,546,1983,430,1,1,1,2076,,0
1413,3746,306,10,0,0,1,1,3257,contact: email@example.com,1
24145,3104,172,688,74,1,0,1,3541,contact: email@example.com,0
36262,1439,1165,1281,65,1,1,0,3393,contact: email@example.com,0
77051,2118,1330,677,93,1,0,1,3822,,1
50763,589,570,1315,230,0,0,0,2791,contact: email@example.com,0
70457,4933,1567,1200,264,1,1,1,2247,photography lover,0
27463,1191,1478,195,2,1,0,0,2122,contact: email@example.com,1
35976,1543,720,1105,268,1,0,0,818,contact: email@example.com,1
33630,2514,477,334,58,0,1,1,3311,,0
70991,3361,1484,2515,178,0,1,1,2773,photography lover,0
76736,2526,1342,781,39,1,0,1,3493,photography lover,0
76986,2525,341,3342,247,1,0,0,2806,photography lover,0
60157,2913,510,704,154,0,0,0,1922,student,0
40248,4288,971,2164,157,0,0,0,1181,student,0
43268,1975,1022,68,7,0,1,0,3942,enterpreneur,1
78440,4160,331,2456,433,0,1,0,2934,enterpreneur,0
22763,3934,1897,437,95,0,1,0,3499,photography lover,0
27736,4805,777,374,61,0,1,0,2340,,0
71759,4565,762,2030,382,0,0,0,2042,enterpreneur,0
30905,3990,121,1561,67,1,0,0,138,,0
18807,1233,1751,1032,226,0,0,1,278,,1
44837,3871,470,815,56,1,1,1,2827,enterpreneur,0
26027,3682,1973,240,7,0,0,0,898,photography lover,1
71269,1447,992,3079,751,0,0,1,328,,0
72725,3389,1749,2539,127,0,1,1,3105,photography lover,0
24480,1264,358,295,10,0,1,0,2482,student,0
42363,2615,331,1932,302,1,0,0,445,contact: email@example.com,0
78719,3983,1602,2450,195,0,0,1,1999,contact: email@example.com,1
59385,942,1639,2328,77,0,0,0,1879,enterpreneur,1
17250,1684,1086,371,55,1,0,0,15,contact: email@example.com,0
47259,3976,64,1245,236,1,0,0,2419,student,0
49591,2268,1887,536,106,0,1,0,1587,student,0
52275,4803,786,2372,92,0,0,0,3513,contact: email@example.com,1
2000,39,1871,18,2,0,0,0,463,photography lover,0
23950,3609,1741,1118,227,1,0,0,3388,contact: email@example.com,0
68369,4070,1702,3273,131,1,0,0,26,contact: email@example.com,0
19309,4589,1377,864,44,0,0,0,3057,photography lover,1
23975,783,1346,27,0,0,0,1,3130,enterpreneur,1
25799,4920,1065,422,55,1,1,0,1631,enterpreneur,0
14191,1961,49,398,19,1,0,0,1122,enterpreneur,0
12435,1760,775,444,80,1,0,1,569,photography lover,0
27761,1777,1461,1531,368,1,1,0,1360,contact: email@example.com,0
69945,3191,1624,1576,82,1,0,0,2678,student,0
122,3296,1119,6,0,0,0,1,2899,,0
22659,2369,1419,222,11,0,0,0,725,,0
4850,355,43,108,0,1,0,0,45,enterpreneur,0
44919,4933,936,140,26,1,0,0,2245,student,1
20048,1110,1015,893,96,0,1,0,2323,,0
63357,469,1784,572,135,0,0,1,3922,student,1
46801,2986,622,721,96,1,1,1,3045,student,0
62705,2061,459,2916,114,0,0,1,2201,,1
50792,3077,704,1629,183,1,1,1,2367,photography lover,0
35070,4377,340,29,1,0,0,1,2582,student,1
68877,486,1116,9,1,0,0,0,1807,enterpreneur,1
38100,1420,1285,1167,201,1,0,1,2710,enterpreneur,0
75994,2582,1602,1390,118,0,1,1,782,,0
79576,3938,1943,860,113,0,1,1,3321,enterpreneur,0
47121,3003,147,1734,290,0,0,1,3446,contact: email@example.com,1
53967,1913,494,739,144,1,0,0,1740,,0
20453,3050,601,726,14,1,0,0,1827,contact: email@example.com,0
65171,4899,499,1483,8,0,1,1,1990,,0
53727,2400,1654,601,17,0,0,0,3269,enterpreneur,1
72204,4417,278,598,59,0,1,1,704,photography lover,1
21360,3899,59,303,35,0,0,1,1366,enterpreneur,1
63007,1506,1721,112,3,0,0,0,2459,contact: email@example.com,1
37622,1247,1923,695,71,1,1,1,2773,contact: email@example.com,0
14814,3850,452,801,88,0,0,0,1183,contact: email@example.com,0
13695,1037,665,683,18,0,0,0,469,contact: email@example.com,1
44973,1684,1006,1003,229,1,0,0,2030,photography lover,0
25555,1176,1051,882,132,0,1,1,2554,student,0
8151,3031,1981,277,26,1,0,0,3066,enterpreneur,0
34171,1470,808,1699,215,1,0,1,12,,1
52233,3292,24,740,58,1,1,1,71,student,0
25515,4674,845,453,96,0,1,0,1546,student,0
76427,4147,1112,1383,198,0,0,0,2256,contact: email@example.com,0
62363,4739,1033,152,18,0,0,0,15,,1
41018,122,1024,774,176,0,1,1,694,,0
74772,2277,1845,3938,824,1,0,1,1676,,0
34637,1100,1614,1895,385,1,0,1,1118,student,0
11173,4589,503,73,4,0,1,0,2842,student,1
2867,3559,710,78,2,0,1,0,139,student,0
75041,1601,1335,1717,296,1,0,0,3553,photography lover,0
76781,2817,820,2254,264,0,1,0,678,photography lover,0
59140,3027,856,1968,336,1,1,0,1763,student,0
8240,2478,335,10,1,1,1,1,3946,,1
23492,2371,508,1187,87,1,0,1,2650,enterpreneur,0
3286,276,1481,191,13,0,1,1,3994,,0
4099,2262,1685,160,19,1,1,0,79,enterpreneur,0
19685,1741,1569,780,53,0,1,0,2879,student,0
45771,4091,615,1449,241,0,1,0,303,contact: email@example.com,0
5242,4325,273,105,19,0,0,0,2447,enterpreneur,1
78768,3752,319,704,83,1,0,0,1304,student,1
36409,154,786,1275,230,1,0,1,3108,enterpreneur,0
21107,4206,1035,56,7,0,1,1,498,,1
41287,1982,1785,2042,363,0,0,1,3586,,0
63212,2081,1797,1596,89,1,0,1,1923,student,0
25005,4725,5,622,114,1,0,0,2077,contact: email@example.com,0
3801,4336,1415,74,13,1,0,0,2284,contact: email@example.com,0
4076,254,597,237,15,0,1,0,142,photography lover,0
68158,1799,395,715,99,0,1,1,1242,photography lover,0
8928,3748,1110,81,17,0,0,1,2837,contact: email@example.com,0
50845,2694,67,504,31,1,1,0,3843,student,0
30760,1288,668,1215,223,0,0,0,3938,,0
62201,2623,1104,3701,882,0,1,0,2143,photography lover,0
4842,4333,544,68,14,1,1,0,1032,contact: email@example.com,0
71823,1116,1186,3902,391,1,0,1,1910,contact: email@example.com,0
55855,3730,920,933,141,0,0,1,1854,contact: email@example.com,0
35942,3673,1598,1397,346,1,1,1,1589,,0
16561,4428,363,40,5,1,1,0,1445,contact: email@example.com,1
78171,1489,114,2324,66,0,1,0,3473,,0
24165,1079,1059,949,10,0,0,0,1562,contact: email@example.com,0
39240,2738,513,1262,249,0,0,0,118,contact: email@example.com,1
31530,2656,1413,449,47,0,1,1,2885,photography lover,0
18444,2047,186,916,56,0,1,0,2660,,0
33328,3896,1150,1939,168,0,1,1,1514,enterpreneur,0
12118,3995,1979,333,63,1,0,0,2520,,0
132,1228,186,5,0,1,0,1,3764,student,0
23199,3977,603,1100,238,1,1,0,3697,photography lover,0
8965,1153,1688,129,23,0,1,0,3158,student,0
33182,2038,1067,1721,419,1,1,0,2333,contact: email@example.com,0
69021,135,349,1160,257,1,0,1,111,contact: email@example.com,0
13005,1701,426,605,38,1,1,1,2049,student,0
98,4792,1529,0,0,1,1,1,3274,photography lover,1
8887,2212,1721,153,0,0,1,1,3379,contact: email@example.com,1
40653,3550,721,1301,322,1,1,1,3091,student,0
21987,539,947,692,45,1,1,0,3946,,0
39160,3177,1565,1998,332,1,0,1,2066,contact: email@example.com,0
2339,1857,353,139,29,0,1,0,439,contact: email@example.com,0
26647,3719,412,171,6,1,1,1,1987,photography lover,1
32810,4640,1548,534,113,1,1,1,1275,,0
34506,2658,373,740,2,1,1,1,3342,,0
44092,514,1541,1266,139,0,0,0,3108,student,1
62446,2380,994,1850,218,0,1,1,1699,photography lover,0
37378,615,1980,1920,179,1,1,1,1553,enterpreneur,0
67296,2247,65,3111,456,1,1,0,638,enterpreneur,0
42378,305,1891,47,10,0,1,0,173,,1
20827,3202,450,568,46,1,1,1,1252,contact: email@example.com,0
18321,1552,70,679,98,1,0,1,964,,0
25799,1007,1448,712,156,0,0,1,1061,,1
47797,86,1065,374,72,0,1,0,3993,enterpreneur,1
19398,4440,1674,462,4,1,1,0,2724,enterpreneur,0
73133,4185,216,1806,425,1,0,1,2206,contact: email@example.com,0
38389,4058,161,432,5,1,1,0,716,student,0
69061,290,1134,3133,461,1,0,1,3364,student,0
54660,1747,1764,1054,151,0,0,1,2579,enterpreneur,0
26668,4856,811,942,185,0,1,1,2059,enterpreneur,0
18260,2893,1595,565,20,1,0,0,1864,enterpreneur,0
59515,642,1812,3133,140,1,0,1,2210,photography lover,0
26458,705,1739,193,36,0,0,1,3358,contact: email@example.com,1
19749,1315,1017,135,5,1,0,0,2880,photography lover,1
74430,4861,1396,1341,157,0,0,1,1940,photography lover,1
38610,848,1051,998,182,0,0,1,2670,photography lover,0
3885,4514,1348,69,11,0,0,0,3719,photography lover,0
39581,3390,1134,1812,95,0,0,1,1305,photography lover,0
36861,4609,1050,542,41,1,0,0,3601,student,0
69117,4130,873,351,85,1,1,1,2427,enterpreneur,0
56924,1660,1305,1413,158,0,1,1,741,student,0
15308,4139,1502,710,7,1,0,0,3867,contact: email@example.com,0
12036,845,1838,614,33,1,0,0,2744,student,0
48287,1454,1226,2124,181,1,1,0,1544,student,0
3789,1058,201,126,31,0,0,1,859,,0
25521,665,1174,1108,83,1,0,1,3663,contact: email@example.com,0
11056,450,631,452,2,0,1,0,3293,,0
1644,936,53,23,2,0,1,1,179,,0
73505,600,144,2429,50,1,0,0,2543,contact: email@example.com,0
7185,1902,1182,332,22,0,1,0,459,student,0
740,356,1889,14,3,0,0,1,1177,,1
74631,306,1011,2928,515,1,0,1,2272,student,0
15065,4949,890,435,5,1,1,0,997,student,0
65324,438,177,1972,221,0,1,1,2050,,0
2502,370,1350,13,0,0,1,1,1718,enterpreneur,1
12284,150,110,491,15,0,0,0,2326,enterpreneur,0
8850,662,1682,459,67,1,1,1,3203,,0
56501,2639,1632,479,60,1,1,0,621,enterpreneur,0
49611,4136,1982,1089,202,1,0,0,3184,photography lover,0
38040,3674,568,111,24,0,1,1,890,enterpreneur,1
19331,2901,323,34,2,0,0,0,134,photography lover,1
7108,425,599,422,97,0,0,1,1786,photography lover,0
45536,3872,1599,1348,174,0,1,1,1209,student,0
18457,186,437,393,25,1,1,0,738,student,0
47215,3154,1774,778,164,0,1,1,1691,photography lover,0
54997,2046,308,3233,28,1,0,0,3475,contact: email@example.com,0
67954,4410,97,1028,143,1,1,1,2342,enterpreneur,0
39518,1537,438,1720,310,0,0,0,2911,student,1
379,3192,1508,6,0,1,1,1,598,photography lover,0
22453,2199,1204,94,20,1,0,0,304,student,1
68269,2610,709,2798,168,0,0,0,1341,,0
42660,4693,1312,4,0,0,1,0,3097,contact: email@example.com,1
49529,3563,1297,2008,39,0,0,0,3542,,0
36625,2072,1109,550,21,0,0,0,407,enterpreneur,1
13019,2236,1028,582,55,1,1,1,1906,photography lover,0
71736,3522,202,3313,707,1,0,1,1586,enterpreneur,0
61834,1730,519,2686,97,0,1,1,2976,photography lover,0
79614,839,1055,116,25,1,0,0,822,,0
68439,2338,270,2889,165,1,0,1,1939,contact: email@example.com,0
23290,341,951,1383,156,0,0,0,3399,enterpreneur,1
20341,848,233,296,26,1,1,0,1860,,0
19877,2103,1574,327,9,0,0,1,3125,,0
73503,3982,206,3587,846,0,0,1,2488,student,0
44554,3907,185,428,46,0,1,0,2390,contact: email@example.com,0
36356,1303,1275,1440,248,1,1,1,1038,student,0
77460,2109,441,3509,504,1,0,1,3969,,0
48273,767,702,107,13,0,0,0,999,enterpreneur,1
72754,3776,628,2417,372,0,0,0,3724,student,1
78771,1231,433,2721,611,0,1,1,3957,enterpreneur,0
6355,3997,1523,115,20,1,0,0,2046,photography lover,0
28922,4210,1383,1520,202,1,0,1,3476,,0
58731,3445,477,573,92,0,0,0,2860,,0
65052,1651,1373,1421,215,1,1,0,2951,enterpreneur,0
11878,4764,1426,604,65,1,0,1,274,enterpreneur,0
25471,3430,1078,291,45,1,1,0,549,photography lover,0
43853,3229,1156,2161,239,1,0,0,279,,0
63937,4282,1869,303,57,1,0,0,121,enterpreneur,1
9037,4407,907,265,64,1,1,1,3344,,0
48058,388,770,217,52,0,1,1,702,,1
23715,4407,1078,964,197,0,1,1,26,student,0
17308,3825,1671,821,123,1,1,0,3750,enterpreneur,0
41231,1032,1419,2102,393,0,0,1,1115,contact: email@example.com,0
33122,1538,150,1950,86,1,1,0,3265,enterpreneur,0
50856,3763,918,2050,245,1,0,0,3842,contact: email@example.com,0
25410,1083,1479,1172,75,0,0,0,2092,enterpreneur,0
65862,2262,447,1998,1,1,1,1,3706,contact: email@example.com,0
6248,3444,1976,342,82,0,1,0,3875,,0
68950,3252,1616,2663,575,1,1,1,578,,0
2386,4548,1693,126,16,1,1,0,587,enterpreneur,0
58871,557,163,831,52,0,0,0,1480,contact: email@example.com,1
27718,1475,1159,826,143,1,1,1,2237,enterpreneur,0
30666,4924,1055,1342,145,0,0,1,3144,photography lover,0
1522,2844,1253,18,3,0,0,0,733,student,0
56168,1243,1700,712,177,1,1,0,774,,0
13239,1449,706,776,67,1,1,0,1226,photography lover,0
52732,1696,1067,1375,84,0,0,1,1086,enterpreneur,0
58014,2771,1358,632,42,0,0,0,3760,,0
67619,1422,1506,1344,31,0,0,0,1584,student,0
56647,3109,1540,1350,132,0,0,0,3473,photography lover,0
24120,2226,673,901,3,1,0,0,224,student,0
59086,3051,1996,3272,93,0,0,0,408,enterpreneur,0
66076,775,19,3911,265,1,1,1,3214,contact: email@example.com,0
25372,3117,984,992,39,1,0,1,998,student,0
9934,4623,1217,417,76,1,1,0,331,contact: email@example.com,0
71201,675,122,1374,36,0,0,1,2378,enterpreneur,0
11835,1637,902,608,131,1,1,0,589,contact: email@example.com,0
47506,3467,1191,620,34,0,0,1,246,enterpreneur,1
18902,3087,1215,120,3,0,0,0,1625,student,1
10082,3373,238,588,1,0,1,0,2200,enterpreneur,0
62113,2797,555,3220,575,1,0,0,2109,photography lover,0
11497,3412,489,209,13,1,1,1,2338,enterpreneur,0
53618,3046,1279,2172,276,1,1,1,95,enterpreneur,0
55447,370,657,1553,43,1,0,1,1164,enterpreneur,0
4818,3756,1142,93,22,1,0,0,1374,,0
13835,2234,1462,238,7,0,1,0,1173,student,0
63549,257,1594,518,53,0,0,0,2236,enterpreneur,1
40583,2045,367,1337,284,1,1,0,917,,0
9708,2175,1807,260,15,1,1,0,2528,enterpreneur,0
79341,433,331,2438,162,0,1,1,3742,contact: email@example.com,0
21199,4980,43,273,55,1,1,1,2643,student,0
320,1111,89,18,1,0,1,0,1556,contact: email@example.com,0
73933,1653,402,2832,2,1,0,0,1739,contact: email@example.com,0
1326,2204,1746,71,7,1,1,0,2341,student,0
44268,4162,415,290,0,1,0,1,2896,contact: email@example.com,1
79446,3714,1387,2968,675,1,1,1,1206,contact: email@example.com,0
46224,3854,836,2355,377,1,0,1,154,,0
46771,1185,79,928,135,0,1,0,2810,contact: email@example.com,0
31053,4227,888,363,18,1,1,0,2646,,0
10152,4148,56,161,28,1,1,1,406,student,0
45815,2319,952,750,126,1,0,0,2506,contact: email@example.com,0
71784,2728,1117,1926,29,0,0,0,287,enterpreneur,1
7288,185,1042,142,31,0,1,0,2572,photography lover,0
70430,3802,565,1146,166,1,1,0,2977,enterpreneur,0
33203,4804,1533,1291,255,0,1,1,63,photography lover,0
42896,2362,1193,136,8,1,1,0,2906,photography lover,0
13232,2702,509,270,8,0,0,1,482,contact: email@example.com,0
49743,2495,869,2058,361,1,1,0,1060,,0
14588,413,217,153,30,1,1,0,2819,contact: email@example.com,0
21854,3098,1846,289,27,0,1,1,1420,student,0
57728,3607,1506,695,4,1,0,1,3908,,0
4041,4639,575,0,0,1,0,1,3829,enterpreneur,1
35774,4648,1349,1016,52,1,0,1,3947,,0
47565,2459,1358,111,9,1,0,1,418,photography lover,1
10562,4794,1219,172,27,1,1,1,705,photography lover,0
23580,2643,108,1407,35,0,1,1,733,enterpreneur,0
27480,3210,1757,1514,27,0,1,1,2341,photography lover,0
53089,3009,1911,685,4,0,1,0,1720,enterpreneur,0
78136,4993,1948,1453,332,1,1,0,2983,,0
66899,3687,1961,1861,144,1,1,0,1129,enterpreneur,0
15181,600,1857,769,127,1,1,0,799,enterpreneur,0
1452,359,1478,69,17,0,1,0,2596,photography lover,0
4152,2049,113,31,5,1,0,1,2469,contact: email@example.com,1
47657,2578,930,355,46,1,1,1,2762,student,1
12500,3343,490,312,40,0,1,0,1248,enterpreneur,0
18502,2407,439,965,90,0,1,0,2106,,0
67791,2573,1661,3587,537,0,1,1,3713,contact: email@example.com,0
69911,4608,1625,450,107,1,0,0,2445,photography lover,1
67122,1674,1044,2312,455,1,1,1,3730,enterpreneur,0
20293,2467,1472,189,20,0,1,1,1734,,0
49574,2786,258,2040,169,0,0,0,180,,1
48861,2341,443,2686,593,1,0,1,3041,,0
14819,4840,1720,404,13,0,1,0,1842,contact: email@example.com,0
44283,4810,902,220,46,1,1,0,169,photography lover,1
42020,2565,1093,1460,93,0,1,1,555,contact: email@example.com,0
31693,2252,925,776,138,0,0,1,1252,student,1
60133,2944,404,2925,589,0,1,1,764,,0
54209,904,1652,1106,131,1,1,1,2738,student,0
42612,2129,1516,2236,107,0,1,0,2445,student,0
58061,1084,1367,953,201,1,0,1,1319,photography lover,0
61048,720,706,576,52,0,0,0,339,enterpreneur,0
45355,475,1286,834,66,0,0,0,315,contact: email@example.com,0
21413,2935,1906,44,5,0,1,1,3782,contact: email@example.com,1
60673,2,1299,1023,111,0,1,0,1380,student,0
57409,3230,988,2273,388,0,0,0,430,contact: email@example.com,0
78673,2159,540,671,23,1,1,0,2846,contact: email@example.com,1
11982,1832,1045,80,8,0,1,0,3479,,1
33541,3846,743,266,59,1,0,1,488,enterpreneur,0
73938,2693,1222,344,3,0,1,1,3779,enterpreneur,1
41166,3667,91,2160,246,0,1,1,2898,,0
75409,3547,380,4271,705,1,0,0,1008,enterpreneur,0
997,160,1573,2,0,1,0,1,3102,contact: email@example.com,0
2813,1077,761,128,19,0,0,1,1680,photography lover,0
63682,2849,865,2816,580,0,0,0,2541,contact: email@example.com,0
28674,4877,1087,1715,95,1,0,1,508,contact: email@example.com,0
41618,771,876,868,76,0,0,0,977,enterpreneur,0
34240,527,1517,586,138,0,1,1,3093,enterpreneur,0
32636,4705,490,887,196,1,1,1,3221,student,0
75157,4834,1516,3862,538,1,0,1,44,student,1
7525,836,418,328,38,0,1,0,858,student,0
61777,2008,741,1748,197,0,0,1,2430,student,1
71172,3133,1175,1044,15,0,1,1,3623,student,0
52592,976,1771,2294,511,0,1,1,2697,contact: email@example.com,0
31600,1631,465,1620,331,1,1,1,2826,enterpreneur,0
12801,1976,1174,307,35,1,0,0,1555,photography lover,0
54606,3207,128,2190,152,0,1,0,219,student,0
37503,1540,150,900,77,0,1,0,3063,photography lover,0
11949,2061,1535,343,10,0,1,0,3197,,0
28772,1447,1437,906,163,0,0,0,1773,photography lover,0
76923,3798,752,3580,498,1,1,0,2026,,0
21230,765,1245,1245,72,0,0,1,940,contact: email@example.com,0
14275,1153,760,380,59,1,0,0,1811,,0
54558,1249,554,1120,274,1,0,0,968,photography lover,0
15963,4528,862,357,10,1,0,1,1682,photography lover,0
73592,4722,623,591,67,0,0,1,537,photography lover,1
68718,2501,1630,1224,151,1,0,0,2426,photography lover,0
78682,782,823,408,17,1,1,1,990,enterpreneur,1
73006,3780,641,1874,249,0,1,0,2898,contact: email@example.com,0
19501,2460,1072,195,29,0,0,0,2071,,0
16971,4248,1516,352,13,0,1,0,3584,photography lover,0
27411,1799,547,1305,50,1,1,1,885,student,0
37584,4994,1879,554,118,1,0,0,1092,photography lover,0
70399,4035,927,2584,201,0,0,1,972,enterpreneur,1
58679,1119,1321,3172,499,0,1,1,2523,photography lover,0
51554,3627,1914,1753,274,0,0,0,428,student,1
70269,1434,863,817,171,0,1,1,2745,student,0
51670,1748,399,1068,197,1,1,0,3276,photography lover,0
30324,1252,1495,1074,225,1,0,1,2699,enterpreneur,0
33040,3411,13,1004,156,0,0,0,539,enterpreneur,0
41361,1314,915,368,41,1,0,1,1972,student,1
7101,3193,1959,190,18,1,1,0,2134,student,0
59337,2912,828,1933,183,1,0,0,1564,contact: email@example.com,0
52222,3753,1368,837,87,1,1,1,1865,contact: email@example.com,0
58490,4967,1050,2149,69,0,0,1,3049,contact: email@example.com,0
42715,44,429,179,18,1,1,0,3338,,1
62636,4951,635,1265,123,0,1,0,1200,contact: email@example.com,1
75980,546,1047,3666,31,1,0,0,1319,contact: email@example.com,0
45594,2633,208,709,48,0,1,1,833,contact: email@example.com,0
35550,1704,829,1290,242,0,0,1,1607,enterpreneur,1
8369,3195,829,205,29,1,0,0,2183,photography lover,0
62294,3608,1669,1182,238,1,1,1,2854,enterpreneur,0
72317,4299,247,3975,539,0,0,0,1071,student,1
55959,2009,1685,1152,245,0,0,1,866,contact: email@example.com,0
69245,4664,820,983,195,0,0,0,133,photography lover,1
68895,1612,1302,3758,92,1,1,0,376,enterpreneur,0
63847,1019,1113,2857,697,0,0,1,207,enterpreneur,0
40230,1895,599,1645,6,1,0,0,830,contact: email@example.com,0
7988,2642,1861,23,3,1,0,0,2780,,1
259,3340,448,2,0,1,0,0,3097,contact: email@example.com,1
16351,4164,72,626,51,1,1,1,3892,photography lover,0
34481,1124,1500,433,64,1,1,1,2180,contact: email@example.com,0
59488,1516,1242,805,72,0,1,0,1819,,0
36464,4693,1781,1704,25,1,0,1,3597,photography lover,0
1851,2199,915,31,0,0,1,1,589,enterpreneur,0
16827,1207,33,72,1,1,0,0,2521,student,1
78337,4928,40,171,4,0,0,1,3272,enterpreneur,1
79041,2244,866,2101,320,1,0,0,2010,student,0
30171,4925,499,1117,146,0,1,0,1046,,0
64398,4596,1844,3357,382,0,0,1,2483,enterpreneur,0
57545,4530,236,382,66,1,0,0,3982,student,1
74501,2909,1761,879,3,1,1,0,944,student,0
71005,3992,433,2257,152,0,0,0,2253,photography lover,0
50299,4802,238,1098,213,0,1,0,204,contact: email@example.com,0
31570,1345,549,914,207,1,1,1,931,enterpreneur,0
50132,188,288,2779,304,0,0,1,3068,,0
25530,1604,802,834,16,1,1,1,1984,,0
27847,3184,660,693,138,0,1,1,797,,0
48699,2736,1058,2891,639,1,0,0,1342,,0
45711,402,1074,178,18,1,0,0,484,enterpreneur,1
46479,2803,1,2599,158,1,0,0,3118,enterpreneur,0
30774,871,249,926,10,0,0,1,3771,student,0
32731,2527,323,989,146,0,1,0,424,student,0
815,2878,389,45,10,0,0,1,952,contact: email@example.com,1
48141,3183,187,1465,248,0,1,0,3428,contact: email@example.com,0
46062,2062,629,1211,96,0,1,1,3514,student,0
74830,2041,1099,1223,196,0,1,1,3069,student,0
40342,3392,617,1594,331,1,0,0,2860,student,0
37411,3745,658,1278,152,1,0,0,3445,contact: email@example.com,0
5414,4038,939,69,14,0,0,0,1494,enterpreneur,1
15739,1667,1096,669,65,0,0,0,3580,photography lover,0
27043,2120,661,1045,91,1,1,1,3546,contact: email@example.com,0
30176,1653,443,719,104,0,0,1,919,photography lover,0
29014,2637,818,7,0,1,1,0,292,enterpreneur,1
31528,636,48,844,206,0,0,1,2084,contact: email@example.com,1
61513,2150,985,22,2,0,0,1,3033,contact: email@example.com,1
10488,943,1882,47,4,0,1,1,3399,,1
26580,2662,795,686,67,0,1,1,570,photography lover,0
13029,4252,216,64,8,1,1,0,1510,enterpreneur,1
24623,4926,1414,407,36,0,1,0,3071,,0
54764,2231,253,2153,389,1,0,1,242,,0
3741,281,387,69,6,0,0,0,2892,photography lover,1
27158,1139,293,1625,156,1,1,1,1167,student,0
1894,524,1767,104,16,0,0,1,90,,1
76391,3796,1962,2682,40,1,1,1,968,,0
58180,4923,1139,3375,552,0,1,0,2967,photography lover,0
19487,2769,1235,1014,128,0,1,0,3480,student,0
15855,884,1290,303,34,1,0,1,326,student,0
7913,105,1220,355,63,0,0,1,1855,enterpreneur,0
37830,4880,1088,310,58,1,0,0,805,contact: email@example.com,1
60280,1581,1973,2475,523,0,0,1,2734,,0
46736,560,1466,1377,129,1,1,1,3122,enterpreneur,0
70482,885,176,71,5,1,0,1,3848,,1
27505,1276,783,452,80,0,1,1,1420,photography lover,0
22249,3279,1949,1275,185,1,0,1,1197,photography lover,0
38244,4458,807,724,114,0,1,1,1240,enterpreneur,0
16167,1375,408,176,24,0,0,1,3045,photography lover,0
78051,3436,1736,878,169,1,1,0,1780,contact: email@example.com,0
14861,324,1246,427,20,1,0,1,92,photography lover,0
38309,50,1125,1936,268,1,1,0,3790,contact: email@example.com,0
41760,274,840,1899,75,0,0,1,417,contact: email@example.com,1
4563,4615,248,119,12,0,0,0,3712,student,1
37473,2908,767,469,77,0,0,0,648,,0
36376,4025,874,100,12,1,0,0,2153,enterpreneur,1
20755,108,1862,576,54,1,1,0,1250,student,0
10237,111,614,500,110,1,0,1,2747,photography lover,0
3613,4243,298,158,30,1,1,1,1612,student,0
686,513,855,16,2,0,1,1,1470,photography lover,0
38519,776,1994,1374,326,1,0,1,1908,photography lover,0
7187,2594,964,188,19,1,0,1,3883,contact: email@example.com,0
76746,3032,758,2666,525,1,1,1,982,photography lover,0
19579,1144,1333,607,25,0,1,0,879,student,0
52201,2223,1297,2132,152,0,0,1,265,enterpreneur,0
53879,3374,598,1641,138,0,1,0,2954,photography lover,0
39640,2214,1935,2237,59,1,0,1,2710,enterpreneur,0
70689,1913,1185,1815,227,1,0,1,2435,contact: email@example.com,1
8855,358,115,8,0,1,1,1,95,contact: email@example.com,0
18722,2259,815,265,42,0,1,1,3162,,0
20194,4013,1845,606,28,1,0,0,3238,student,0
10833,3133,786,351,10,0,1,1,3780,,0
23581,4465,1135,781,189,0,0,1,3716,enterpreneur,0
25014,630,1225,1072,176,1,1,0,1053,photography lover,0
61184,55,1408,1008,235,1,0,0,2841,contact: email@example.com,0
24130,2740,1744,962,117,0,0,1,1611,,0
70136,893,298,2962,24,0,1,1,2384,contact: email@example.com,0
61813,2969,1033,1525,218,1,0,1,1330,photography lover,0
72131,4519,1066,1740,242,0,1,1,2628,contact: email@example.com,0
8417,1685,304,90,0,0,1,0,3811,,0
78765,2747,1347,1956,421,1,0,0,2609,photography lover,0
49117,3408,236,2318,359,1,1,1,3683,photography lover,0
78589,750,912,4286,797,1,0,0,3726,contact: email@example.com,0
28387,4486,660,1011,124,1,1,0,476,enterpreneur,0
76239,1013,309,1369,211,1,0,0,3857,contact: email@example.com,0
47088,4041,1644,1927,124,1,1,0,3273,student,0
5745,3299,488,255,62,1,1,1,1707,enterpreneur,0
32809,704,510,653,65,1,1,0,2400,enterpreneur,0
11023,3624,1708,546,22,0,0,0,2468,enterpreneur,1
75302,982,1754,332,4,1,0,0,3145,contact: email@example.com,1
24357,2997,68,15,2,1,1,0,3211,contact: email@example.com,1
17788,4798,555,131,32,0,1,1,410,student,1
44231,4765,1417,414,92,0,1,1,5,student,0
34012,4356,1556,1793,314,1,0,0,986,enterpreneur,0
7758,2470,1998,197,48,1,0,0,2108,enterpreneur,0
65319,2797,1109,1077,194,1,1,1,3396,contact: email@example.com,0
67663,1501,14,1741,147,0,1,1,2611,enterpreneur,0
59436,4604,1747,1408,211,1,0,1,544,contact: email@example.com,0
49340,2386,322,892,17,1,0,1,2869,enterpreneur,0
32204,3858,241,266,14,1,0,1,1873,contact: email@example.com,1
43389,1798,1348,1707,178,1,0,0,1475,enterpreneur,0
41679,3702,1207,341,17,0,1,0,3086,contact: email@example.com,1
13224,1122,119,615,146,1,0,0,1183,,0
6545,3668,338,79,19,0,1,0,2475,contact: email@example.com,0
20260,229,1179,889,82,0,0,1,729,photography lover,0
36346,524,510,1756,311,0,0,1,1526,enterpreneur,0
12824,1761,1368,96,9,0,1,1,2231,photography lover,0
8533,2410,823,44,1,1,1,1,2494,student,0
68154,3557,1176,3883,327,0,1,0,3677,enterpreneur,0
29999,1795,949,833,48,0,1,0,1162,student,0
46738,92,730,1767,144,0,0,1,3584,enterpreneur,0
41922,1626,684,58,3,0,1,0,3266,,1
58810,2195,1394,983,27,1,0,1,1440,contact: email@example.com,0
59184,2718,1028,1794,97,1,1,1,561,student,0
23682,3220,1188,1259,285,0,1,0,1032,enterpreneur,0
67832,1238,1154,1104,23,0,1,1,2631,photography lover,0
29700,3052,415,1381,112,1,0,1,3155,student,0
66816,3157,1826,2654,350,1,0,0,2449,student,0
32388,3883,1126,224,19,0,0,0,2900,,1
8879,2610,1436,156,20,1,1,0,407,student,0
60801,4052,1763,867,9,0,1,0,2021,enterpreneur,0
2412,1108,1849,64,10,0,1,0,3495,contact: email@example.com,0
61788,3558,1333,2355,331,1,1,1,1556,contact: email@example.com,0
3453,229,1574,89,15,0,0,0,3595,photography lover,0
16545,513,943,242,34,0,1,0,496,enterpreneur,0
48269,4323,1475,2015,220,0,1,0,3914,,0
75323,2375,643,2641,231,0,0,0,3140,contact: email@example.com,0
32678,3104,1423,1018,57,1,1,0,2505,contact: email@example.com,0
9652,3017,171,321,40,0,0,0,2470,contact: email@example.com,0
18632,3474,1828,248,1,0,1,1,3745,student,0
71689,1227,489,2926,240,0,0,1,1508,photography lover,0
58138,891,1313,1351,228,0,0,0,660,enterpreneur,1
8031,212,22,175,4,1,1,1,3675,enterpreneur,0
30791,4323,311,276,4,1,1,1,411,photography lover,1
21163,1117,1973,757,123,0,0,1,2639,student,0
14226,2875,1666,514,51,1,0,1,1064,enterpreneur,0
67718,2274,444,1382,277,0,0,0,3717,student,1
49416,811,261,2549,597,0,0,1,3894,photography lover,1
14359,2069,1629,728,174,1,0,1,1898,photography lover,0
52055,416,1980,340,36,0,0,0,2133,student,1
33085,883,337,1379,91,1,1,1,1819,photography lover,0
4918,698,1327,116,17,1,1,0,1701,photography lover,0
35988,4122,567,2158,338,1,1,0,3749,,0
14818,2837,1488,200,31,0,0,0,1149,photography lover,0
19620,4628,836,330,26,0,1,0,3839,enterpreneur,0
70319,2179,250,1865,29,1,1,1,2602,photography lover,0
56819,1006,648,916,48,1,0,1,3843,,0
10727,3042,1077,445,17,0,1,1,2448,contact: email@example.com,0
68106,4647,1596,1965,60,0,1,0,3275,student,0
45944,2662,42,608,140,1,0,0,1960,student,0
69966,89,1915,2125,7,0,0,1,1850,student,0
59766,1518,1299,3187,479,0,0,0,1030,student,0
27145,4624,1750,1290,305,1,0,1,841,student,0
42789,2591,1860,1280,115,1,0,1,151,enterpreneur,0
42468,4759,307,735,96,1,0,0,1534,contact: email@example.com,0
57595,2546,187,621,108,1,0,1,3950,contact: email@example.com,0
19872,60,1553,1047,83,1,1,1,3753,student,0
26647,4365,375,1135,135,0,0,0,2761,photography lover,1
19583,3815,295,672,137,1,0,1,1454,,0
23691,3576,937,1250,232,0,0,1,2081,student,0
12900,4851,1826,94,18,0,1,0,3027,contact: email@example.com,1
2923,980,1591,119,29,1,1,0,9,photography lover,0
75201,4529,1035,977,90,1,0,1,3692,contact: email@example.com,0
5945,1163,392,43,8,1,1,1,3481,enterpreneur,1
71039,4853,672,1984,298,1,0,0,3881,enterpreneur,0
246,957,1376,5,0,0,0,0,378,student,1
62188,2751,314,3511,649,0,1,1,3790,enterpreneur,0
26272,3946,1048,510,95,0,1,0,2454,,0
41412,390,23,2024,448,0,1,0,2220,,0
22577,333,650,1014,88,0,1,0,718,,1
39248,4248,495,1572,256,0,0,0,1968,enterpreneur,1
36124,302,1362,1994,139,0,1,0,1453,student,0
42379,3069,1828,1037,154,1,1,0,3950,photography lover,0
31462,4691,292,735,138,1,0,0,1359,,0
42925,3073,1594,414,81,0,0,0,873,student,0
66036,2405,1311,1092,114,0,1,1,3785,photography lover,0
34765,2086,1939,1835,233,0,0,0,750,,0
28910,3190,1823,822,68,0,0,1,3618,,0
10540,2859,201,215,9,1,1,0,3852,enterpreneur,0
28777,2508,1486,373,24,1,0,0,1230,enterpreneur,0
10053,767,1184,292,66,1,1,1,2757,photography lover,0
14600,3313,226,627,48,0,1,1,3187,student,0
76179,3698,514,1310,319,0,0,0,2145,photography lover,0
7153,3544,1853,325,19,0,0,1,2788,student,0
38562,375,1085,1457,263,1,0,0,529,,0
66744,3514,676,3153,452,1,1,0,2064,contact: email@example.com,0
76256,3648,640,1148,200,1,1,0,2053,enterpreneur,0
11737,917,1675,444,71,1,0,1,2266,contact: email@example.com,0
13086,4244,566,120,21,1,0,1,3776,photography lover,0
29807,2619,317,650,147,1,1,1,3299,contact: email@example.com,0
44353,2362,1147,1927,271,0,1,0,2411,student,0
76784,3613,1985,2910,49,0,1,0,1613,,0
16617,2549,366,187,12,0,1,1,1619,photography lover,0
13151,2723,510,677,119,0,0,1,81,contact: email@example.com,0
20254,1561,938,64,7,1,1,1,2204,enterpreneur,1
69945,4639,399,2497,342,0,1,1,1010,enterpreneur,0
2404,4847,1301,141,21,0,0,0,3544,photography lover,1
30410,652,507,969,92,0,1,1,3094,enterpreneur,0
9516,3665,256,457,88,1,1,1,3651,contact: email@example.com,0
12565,116,522,448,81,1,1,1,3983,,0
73347,1844,1861,3446,615,0,0,0,1600,photography lover,0
132,4849,1869,5,0,0,0,1,1714,,0
25722,874,1011,1066,237,1,0,1,2432,,0
73233,1884,800,1000,148,1,1,1,1722,contact: email@example.com,0
48650,1097,1639,2165,523,1,0,0,1117,photography lover,0
5740,3641,388,81,2,1,0,1,2828,,0
37201,2319,1307,2188,345,1,0,1,1804,,0
77675,2965,1360,1061,190,1,0,0,3767,contact: email@example.com,0
32036,4712,1420,454,54,1,1,1,880,student,0
42290,2605,435,2178,156,0,1,0,1775,enterpreneur,0
42550,3670,1432,620,85,1,1,0,2126,photography lover,0
52835,489,1223,1144,104,0,0,1,3631,enterpreneur,0
14979,1076,1750,642,145,0,1,0,2313,contact: email@example.com,0
67174,4734,348,639,56,1,1,0,277,enterpreneur,0
79088,4297,1227,754,33,0,1,0,1352,student,1
11404,3283,1659,332,47,0,1,1,3544,photography lover,0
65464,1891,556,957,94,1,1,0,1089,photography lover,0
65352,999,1487,924,22,0,0,0,1363,student,1
59329,4258,199,32,4,1,1,1,604,student,1
29670,3926,1436,659,88,0,1,0,2877,,0
37500,1208,1212,716,31,1,1,1,559,,0
67136,2949,385,125,18,1,0,1,1471,student,1
12230,3093,132,455,64,1,1,1,2846,,0
66299,2387,1490,2492,481,1,1,1,3582,student,0
73653,4633,482,312,28,0,1,1,887,photography lover,1
54549,620,994,1037,64,1,1,1,1329,photography lover,0
27310,1289,121,1430,340,1,0,1,472,,0
44732,475,1926,1562,219,1,1,1,1752,student,0
4008,3464,1097,99,0,1,1,1,3995,,0
74544,3220,1863,2080,426,1,0,1,1217,enterpreneur,0
27392,4936,320,342,16,1,0,0,1040,contact: email@example.com,0
4567,2711,411,222,43,0,0,1,1599,contact: email@example.com,0
63556,752,1220,3485,614,1,0,0,3584,enterpreneur,0
52604,2254,1208,2874,696,0,0,0,2188,contact: email@example.com,0
49816,442,1581,669,161,1,1,0,2437,contact: email@example.com,0
4327,3354,1856,80,5,1,1,0,3122,enterpreneur,0
60067,3370,1643,578,110,1,0,0,2860,photography lover,0
50985,4288,280,939,74,0,1,1,2395,student,0
63490,1698,619,1267,199,0,0,0,2244,contact: email@example.com,0
66186,1550,1827,2514,375,0,1,0,2133,enterpreneur,1
16956,356,1097,192,2,1,0,0,724,photography lover,0
16851,2075,1734,929,1,1,0,0,1657,,0
73902,2376,1126,457,6,0,0,0,3388,,1
42482,3772,99,17,0,0,1,1,158,photography lover,1
35039,3768,945,1797,115,0,1,0,3312,contact: email@example.com,0
22976,701,1649,970,219,0,0,0,2264,student,0
51121,1425,1310,1089,141,0,1,0,1399,,0
60316,2557,265,2155,429,0,0,1,457,contact: email@example.com,1
184,1675,420,2,0,0,0,0,3055,student,0
44211,127,1708,446,81,0,0,0,3,photography lover,1
79469,4228,1958,2246,219,0,1,0,2172,contact: email@example.com,0
22451,3656,1505,475,102,1,1,0,650,photography lover,0
22471,2600,196,829,153,1,1,0,3636,enterpreneur,0
